"5","C","8","20","100530","22","対象手術（短手１）：半月板切除術（関節鏡下）","","","","","","","","","","","","","","20200401","","","","","","","","",""
"1","C","8","20","101905","59","処方箋の「調剤する薬剤を減量した後、保険医療機関へ情報提供」の欄にその旨の指示があり調整した場合（調剤時残薬調整加算）","20","ｼｮﾎｳｾﾝﾉﾉ｢ﾁｮｳｻﾞｲｽﾙﾔｸｻ","0","0","0","0","0","0","0","0","0","0","1","20260601","99999999","820101905","99900226","","","","","",""
"1","C","8","20","101906","24","疑義照会により調整した場合（調剤時残薬調整加算）","20","ｷﾞｷﾞｼｮｳｶｲﾆﾖﾘﾁｮｳｾｲｼﾀﾊ","0","0","0","0","0","0","0","0","0","0","1","20260601","99999999","820101906","99900227","","","","","",""
"1","C","8","20","101920","21","初回（かかりつけ薬剤師フォローアップ加算）","4","ｼｮｶｲ","0","0","0","0","0","0","0","0","0","0","1","20260601","99999999","820101920","99900241","","","","","",""
"1","C","8","20","101921","16","初回（かかりつけ薬剤師訪問加算）","4","ｼｮｶｲ","0","0","0","0","0","0","0","0","0","0","1","20260601","99999999","820101921","99900242","","","","","",""
"1","C","8","20","101922","14","初回（服用薬剤調整支援料２）","4","ｼｮｶｲ","0","0","0","0","0","0","0","0","0","0","1","20260601","99999999","820101922","99900243","","","","","",""
"1","C","8","20","101923","13","初回（服薬情報等提供料３）","4","ｼｮｶｲ","0","0","0","0","0","0","0","0","0","0","1","20260601","99999999","820101923","99900244","","","","","",""
"1","C","8","20","101924","17","初回（訪問薬剤管理医師同時指導料）","4","ｼｮｶｲ","0","0","0","0","0","0","0","0","0","0","1","20260601","99999999","820101924","99900245","","","","","",""
"1","C","8","20","101925","11","初回（調剤物価対応料）","4","ｼｮｶｲ","0","0","0","0","0","0","0","0","0","0","1","20260601","99999999","820101925","99900246","","","","","",""
"3","C","8","20","101937","24","処方箋記載により確認（複数名薬剤管理指導訪問料）","16","ｼｮﾎｳｾﾝｷｻｲﾆﾖﾘｶｸﾆﾝ","0","0","0","0","0","0","0","0","0","0","1","20260601","99999999","820101937","99900879","","","","","",""
"3","C","8","20","101938","23","疑義照会により確認（複数名薬剤管理指導訪問料）","16","ｷﾞｷﾞｼｮｳｶｲﾆﾖﾘｶｸﾆﾝ","0","0","0","0","0","0","0","0","0","0","1","20260601","99999999","820101938","99900880","","","","","",""
"1","C","8","20","600496","21","患者要件ア（ケサンラ点滴静注液３５０ｍｇ）","10","ｶﾝｼﾞｬﾖｳｹﾝｱ","0","0","0","0","0","0","0","0","0","0","1","20260601","99999999","820600496","99900341","","","","","",""
"1","C","8","20","600497","21","患者要件イ（ケサンラ点滴静注液３５０ｍｇ）","10","ｶﾝｼﾞｬﾖｳｹﾝｲ","0","0","0","0","0","0","0","0","0","0","1","20260601","99999999","820600497","99900342","","","","","",""
"1","C","8","20","600498","21","患者要件ウ（ケサンラ点滴静注液３５０ｍｇ）","10","ｶﾝｼﾞｬﾖｳｹﾝｳ","0","0","0","0","0","0","0","0","0","0","1","20260601","99999999","820600498","99900343","","","","","",""
"1","C","8","20","600594","20","医師要件ア（リブタヨ点滴静注３５０ｍｇ）","7","ｲｼﾖｳｹﾝｱ","0","0","0","0","0","0","0","0","0","0","1","20260601","99999999","820600594","99900424","","","","","",""
"3","C","8","20","600599","17","投与期間ア（デュピクセント皮下注）","7","ﾄｳﾖｷｶﾝｱ","0","0","0","0","0","0","0","0","0","0","1","20260601","99999999","820600599","99990458","","","","","",""
"3","C","8","20","600600","17","投与期間イ（デュピクセント皮下注）","7","ﾄｳﾖｷｶﾝｲ","0","0","0","0","0","0","0","0","0","0","1","20260601","99999999","820600600","99990459","","","","","",""
"3","C","8","20","600601","17","投与期間ウ（デュピクセント皮下注）","7","ﾄｳﾖｷｶﾝｳ","0","0","0","0","0","0","0","0","0","0","1","20260601","99999999","820600601","99990460","","","","","",""
"1","C","8","20","800005","146","２　イ　ＣＬＡＢＳＩ発生率が地域や全国のサーベイランス（厚生労働省院内感染対策サーベイランス事業等）の報告結果を超えている保険医療機関において、中心静脈用カテーテルを挿入した日から起算して１４日以上の当該カテーテルの留置が必要である患者（中心静脈用カテーテル（１）中心静脈カテーテル　抗菌型）","20","2ｲCLABSIﾊｯｾｲﾘﾂｶﾞﾁｲｷﾔ","0","0","0","0","0","0","0","0","0","0","1","20260601","99999999","820800005","99900618","","","","","",""
"1","C","8","20","800006","77","１　高度肥満（ＢＭＩ３０以上）の患者（固定用内副子（プレート）（１）　ストレートプレート（生体用合金１・Ｓ）（２）ストレートプレート（生体用合金１・Ｌ））","14","1ｺｳﾄﾞﾋﾏﾝﾉｶﾝｼﾞｬ","0","0","0","0","0","0","0","0","0","0","1","20260601","99999999","820800006","99900619","","","","","",""
"1","C","8","20","800007","75","２　インスリン依存型糖尿病の患者（固定用内副子（プレート）（１）　ストレートプレート（生体用合金１・Ｓ）（２）ストレートプレート（生体用合金１・Ｌ））","20","2ｲﾝｽﾘﾝｲｿﾞﾝｶﾞﾀﾄｳﾆｮｳﾋﾞ","0","0","0","0","0","0","0","0","0","0","1","20260601","99999999","820800007","99900620","","","","","",""
"1","C","8","20","800008","147","３　重症ハイリスク症例と考えられる患者（高度慢性閉塞性肺疾患、ステロイド使用、両側内胸動脈を使用したバイパス手術を実施した患者、起立時・歩行時に上肢に体重をかける必要のある脳神経疾患患者等）（固定用内副子（プレート）（１）　ストレートプレート（生体用合金１・Ｓ）（２）及び（生体用合金１・Ｌ））","20","3ｼﾞｭｳｼｮｳﾊｲﾘｽｸﾚｲｶﾞｲﾄｶ","0","0","0","0","0","0","0","0","0","0","1","20260601","99999999","820800008","99900621","","","","","",""
"1","C","8","20","800009","32","１　イ　非吸収性縫合糸セット（経皮的血管形成術用穿刺部止血材料）","20","1ｲﾋｷｭｳｼｭｳｾｲﾎｳｺﾞｳｼｾｯﾄ","0","0","0","0","0","0","0","0","0","0","1","20260601","99999999","820800009","99900622","","","","","",""
"1","C","8","20","800010","47","１　ロ　吸収性局所止血材又はコラーゲン使用吸収性局所止血材（経皮的血管形成術用穿刺部止血材料）","20","1ﾛｷｭｳｼｭｳｾｲｷｮｸｼｮｼｹﾂｻﾞ","0","0","0","0","0","0","0","0","0","0","1","20260601","99999999","820800010","99900623","","","","","",""
"1","C","8","20","800011","31","１　ハ　単回使用自動縫合器（経皮的血管形成術用穿刺部止血材料）","20","1ﾊﾀﾝｶｲｼﾖｳｼﾞﾄﾞｳﾎｳｺﾞｳｷ","0","0","0","0","0","0","0","0","0","0","1","20260601","99999999","820800011","99900624","","","","","",""
"1","C","8","20","800012","52","２　ア　５Ｆｒ以上８Ｆｒ以下のイントロデューサーシースを使用した場合（経皮的血管形成術用穿刺部止血材料）","20","2ｱ5Frｲｼﾞｮｳ8Frｲｶﾉｲﾝﾄﾛ","0","0","0","0","0","0","0","0","0","0","1","20260601","99999999","820800012","99900625","","","","","",""
"1","C","8","20","800013","80","２　イ　８Ｆｒを超えるイントロデューサーシースを使用した症例であって、大腿動脈穿刺部位又は大腿静脈穿刺部位の止血を行った場合（経皮的血管形成術用穿刺部止血材料）","20","2ｲ8Frｦｺｴﾙｲﾝﾄﾛﾃﾞｭｰｻｰｼ","0","0","0","0","0","0","0","0","0","0","1","20260601","99999999","820800013","99900626","","","","","",""
"1","C","8","20","800014","93","３　ア　経皮的冠動脈形成術等を実施した患者の早期離床を目的とした大腿動脈穿刺部位の止血を行う場合に、５Ｆｒ以上のイントロデューサーシースを使用した場合（経皮的血管形成術用穿刺部止血材料）","20","3ｱｹｲﾋﾃｷｶﾝﾄﾞｳﾐｬｸｹｲｾｲｼ","0","0","0","0","0","0","0","0","0","0","1","20260601","99999999","820800014","99900627","","","","","",""
"1","C","8","20","800015","127","３　イ　経皮的心房中隔欠損閉鎖術等を実施した患者の早期離床を目的とした大腿静脈穿刺部位の止血を行う場合に、６Ｆｒ以上１２Ｆｒ以下のイントロデューサーシースを使用した症例であって、当該患者が手術の翌々日までに帰宅した場合（経皮的血管形成術用穿刺部止血材料）","20","3ｲｹｲﾋﾃｷｼﾝﾎﾞｳﾁｭｳｶｸｹｯｿ","0","0","0","0","0","0","0","0","0","0","1","20260601","99999999","820800015","99900628","","","","","",""
"1","C","8","20","800017","66","ア　副鼻腔の炎症が強く副鼻腔手術前に点鼻ステロイドまたは全身性ステロイド薬による治療歴がある症例（薬剤溶出型吸収性副鼻腔用ステント）","20","ｱﾌｸﾋﾞｸｳﾉｴﾝｼｮｳｶﾞﾂﾖｸﾌｸ","0","0","0","0","0","0","0","0","0","0","1","20260601","99999999","820800017","99900645","","","","","",""
"1","C","8","20","800018","37","イ　再発の副鼻腔炎に対する再手術の症例（薬剤溶出型吸収性副鼻腔用ステント）","20","ｲｻｲﾊﾂﾉﾌｸﾋﾞｸｳｴﾝﾆﾀｲｽﾙｻ","0","0","0","0","0","0","0","0","0","0","1","20260601","99999999","820800018","99900646","","","","","",""
"1","C","8","20","800019","70","ウ　副鼻腔手術後の内視鏡画像検査で中鼻道あるいは各副鼻腔自然口が狭く再閉鎖のリスクが高いと判断される症例（薬剤溶出型吸収性副鼻腔用ステント）","20","ｳﾌｸﾋﾞｸｳｼｭｼﾞｭﾂｺﾞﾉﾅｲｼｷ","0","0","0","0","0","0","0","0","0","0","1","20260601","99999999","820800019","99900647","","","","","",""
"1","C","8","20","800020","44","エ　慢性鼻副鼻腔炎の再発又は難治化のリスクが高い症例（薬剤溶出型吸収性副鼻腔用ステント）","20","ｴﾏﾝｾｲﾋﾞﾌｨｸﾋﾞｸｳｴﾝﾉｻｲﾊ","0","0","0","0","0","0","0","0","0","0","1","20260601","99999999","820800020","99900648","","","","","",""
"1","C","8","20","800030","64","２アａ　同一入院期間中においてＣＬＡＢＳＩを２回以上繰り返している患者（中心静脈用カテーテル（１）　中心静脈カテーテル・抗菌型）","20","2ｱaﾄﾞｳｲﾂﾆｭｳｲﾝｷｶﾝﾁｭｳﾆ","0","0","0","0","0","0","0","0","0","0","1","20260601","99999999","820800030","99900649","","","","","",""
"1","C","8","20","800031","62","２アｂ　小児等の中心静脈カテーテル挿入が可能な血管が限定される患者（中心静脈用カテーテル（１）　中心静脈カテーテル・抗菌型）","20","2ｱbｼｮｳﾆﾄｳﾉﾁｭｳｼﾝｼﾞｮｳﾐ","0","0","0","0","0","0","0","0","0","0","1","20260601","99999999","820800031","99900650","","","","","",""
"1","C","8","20","800032","104","２アｃ　人工弁、人工血管グラフト、心血管系電子デバイス（ペースメーカー等）等を体内に留置しており、ＣＬＡＢＳＩによる続発症が重篤化する危険性が高い患者（中心静脈用カテーテル（１）　中心静脈カテーテル・抗菌型）","20","2ｱcｼﾞﾝｺｳﾍﾞﾝ､ｼﾞﾝｺｳｹｯｶ","0","0","0","0","0","0","0","0","0","0","1","20260601","99999999","820800032","99900651","","","","","",""
"1","C","8","20","800033","78","２アｄ　好中球減少患者、熱傷患者、臓器移植患者、短小腸患者等のＣＬＡＢＳＩの危険性が高い易感染患者（中心静脈用カテーテル（１）　中心静脈カテーテル・抗菌型）","20","2ｱdｺｳﾁｭｳｷｭｳｹﾞﾝｼｮｳｶﾝｼ","0","0","0","0","0","0","0","0","0","0","1","20260601","99999999","820800033","99900652","","","","","",""
"1","C","8","20","800034","146","２イ　ＣＬＡＢＳＩ発生率が地域や全国のサーベイランス（厚生労働省院内感染対策サーベイランス事業等）の報告結果を超えている保険医療機関において、中心静脈用カテーテルを挿入した日から起算して１４日以上の当該カテーテルの留置が必要である患者（中心静脈用カテーテル（１）　中心静脈カテーテル・抗菌型）","20","2ｲCLABSIﾊｯｾｲﾘﾂｶﾞﾁｲｷﾔ","0","0","0","0","0","0","0","0","0","0","1","20260601","99999999","820800034","99900653","","","","","",""
"1","C","8","20","800035","30","ア　ＢＭＩが３０以上の肥満症の患者（局所陰圧閉鎖処置用材料）","20","ｱBMIｶﾞ30ｲｼﾞｮｳﾉﾋﾏﾝｼｮｳ","0","0","0","0","0","0","0","0","0","0","1","20260601","99999999","820800035","99900629","","","","","",""
"1","C","8","20","800036","68","イ　糖尿病患者のうち、ヘモグロビンＡ１ｃ（ＨｂＡ１ｃ）がＪＤＳ値で６．６％以上（ＮＧＳＰ値で７．０％以上）の者（局所陰圧閉鎖処置用材料）","18","ｲﾄｳﾆｮｳﾋﾞｮｳｶﾝｼﾞｬﾉｳﾁ","0","0","0","0","0","0","0","0","0","0","1","20260601","99999999","820800036","99900630","","","","","",""
"1","C","8","20","800037","30","ウ　ステロイド療法を受けている患者（局所陰圧閉鎖処置用材料）","20","ｳｽﾃﾛｲﾄﾞﾘｮｳﾎｳｦｳｹﾃｲﾙｶﾝ","0","0","0","0","0","0","0","0","0","0","1","20260601","99999999","820800037","99900631","","","","","",""
"1","C","8","20","800038","23","エ　慢性維持透析患者（局所陰圧閉鎖処置用材料）","17","ｴﾏﾝｾｲｲｼﾞﾄｳｾｷｶﾝｼﾞｬ","0","0","0","0","0","0","0","0","0","0","1","20260601","99999999","820800038","99900632","","","","","",""
"1","C","8","20","800039","26","オ　免疫不全状態にある患者（局所陰圧閉鎖処置用材料）","20","ｵﾒﾝｴｷﾌｾﾞﾝｼﾞｮｳﾀｲﾆｱﾙｶﾝ","0","0","0","0","0","0","0","0","0","0","1","20260601","99999999","820800039","99900633","","","","","",""
"1","C","8","20","800040","25","カ　低栄養状態にある患者（局所陰圧閉鎖処置用材料）","20","ｶﾃｲｴｲﾖｳｼﾞｮｳﾀｲﾆｱﾙｶﾝｼﾞ","0","0","0","0","0","0","0","0","0","0","1","20260601","99999999","820800040","99900634","","","","","",""
"1","C","8","20","800041","45","キ　創傷治癒遅延をもたらす皮膚疾患又は皮膚の血流障害を有する患者（局所陰圧閉鎖処置用材料）","20","ｷｿｳｼｮｳﾁﾕﾁｴﾝｦﾓﾀﾗｽﾋﾌｼｯ","0","0","0","0","0","0","0","0","0","0","1","20260601","99999999","820800041","99900635","","","","","",""
"1","C","8","20","800042","42","ク　手術の既往がある者に対して、同一部位に再手術を行う患者（局所陰圧閉鎖処置用材料）","20","ｸｼｭｼﾞｭﾂﾉｷｵｳｶﾞｱﾙﾓﾉﾆﾀｲ","0","0","0","0","0","0","0","0","0","0","1","20260601","99999999","820800042","99900636","","","","","",""
"1","C","8","20","800043","32","ア　ＢＭＩが３０以上の肥満症の患者（陰圧創傷治療用カートリッジ）","20","ｱBMIｶﾞ30ｲｼﾞｮｳﾉﾋﾏﾝｼｮｳ","0","0","0","0","0","0","0","0","0","0","1","20260601","99999999","820800043","99900637","","","","","",""
"1","C","8","20","800044","70","イ　糖尿病患者のうち、ヘモグロビンＡ１ｃ（ＨｂＡ１ｃ）がＪＤＳ値で６．６％以上（ＮＧＳＰ値で７．０％以上）の者（陰圧創傷治療用カートリッジ）","18","ｲﾄｳﾆｮｳﾋﾞｮｳｶﾝｼﾞｬﾉｳﾁ","0","0","0","0","0","0","0","0","0","0","1","20260601","99999999","820800044","99900638","","","","","",""
"1","C","8","20","800045","32","ウ　ステロイド療法を受けている患者（陰圧創傷治療用カートリッジ）","20","ｳｽﾃﾛｲﾄﾘｮｳﾎｳｦｳｹﾃｲﾙｶﾝｼ","0","0","0","0","0","0","0","0","0","0","1","20260601","99999999","820800045","99900639","","","","","",""
"1","C","8","20","800046","25","エ　慢性維持透析患者（陰圧創傷治療用カートリッジ）","17","ｴﾏﾝｾｲｲｼﾞﾄｳｾｷｶﾝｼﾞｬ","0","0","0","0","0","0","0","0","0","0","1","20260601","99999999","820800046","99900640","","","","","",""
"1","C","8","20","800047","28","オ　免疫不全状態にある患者（陰圧創傷治療用カートリッジ）","20","ｵﾒﾝｴｷﾌｾﾞﾝｼﾞｮｳﾀｲﾆｱﾙｶﾝ","0","0","0","0","0","0","0","0","0","0","1","20260601","99999999","820800047","99900641","","","","","",""
"1","C","8","20","800048","27","カ　低栄養状態にある患者（陰圧創傷治療用カートリッジ）","20","ｶﾃｲｴｲﾖｳｼﾞｮｳﾀｲﾆｱﾙｶﾝｼﾞ","0","0","0","0","0","0","0","0","0","0","1","20260601","99999999","820800048","99900642","","","","","",""
"1","C","8","20","800049","47","キ　創傷治癒遅延をもたらす皮膚疾患又は皮膚の血流障害を有する患者（陰圧創傷治療用カートリッジ）","20","ｷｿｳｼｮｳﾁﾕﾁｴﾝｦﾓﾀﾗｽﾋﾌｼｯ","0","0","0","0","0","0","0","0","0","0","1","20260601","99999999","820800049","99900643","","","","","",""
"1","C","8","20","800050","44","ク　手術の既往がある者に対して、同一部位に再手術を行う患者（陰圧創傷治療用カートリッジ）","20","ｸｼｭｼﾞｭﾂﾉｷｵｳｶﾞｱﾙﾓﾉﾆﾀｲ","0","0","0","0","0","0","0","0","0","0","1","20260601","99999999","820800050","99900644","","","","","",""
"1","C","8","20","800051","64","２　アａ　同一入院期間中においてＣＬＡＢＳＩを２回以上繰り返している患者（中心静脈用カテーテル（１）中心静脈カテーテル　抗菌型）","20","2ｱaﾄﾞｳｲﾂﾆｭｳｲﾝｷｶﾝﾁｭｳﾆ","0","0","0","0","0","0","0","0","0","0","1","20260601","99999999","820800051","99900614","","","","","",""
"1","C","8","20","800052","62","２　アｂ　小児等の中心静脈カテーテル挿入が可能な血管が限定される患者（中心静脈用カテーテル（１）中心静脈カテーテル　抗菌型）","20","2ｱbｼｮｳﾆﾄｳﾉﾁｭｳｼﾝｼﾞｮｳﾐ","0","0","0","0","0","0","0","0","0","0","1","20260601","99999999","820800052","99900615","","","","","",""
"1","C","8","20","800053","104","２　アｃ　人工弁、人工血管グラフト、心血管系電子デバイス（ペースメーカー等）等を体内に留置しており、ＣＬＡＢＳＩによる続発症が重篤化する危険性が高い患者（中心静脈用カテーテル（１）中心静脈カテーテル　抗菌型）","20","2ｱcｼﾞﾝｺｳﾍﾞﾝ､ｼﾞﾝｺｳｹｯｶ","0","0","0","0","0","0","0","0","0","0","1","20260601","99999999","820800053","99900616","","","","","",""
"1","C","8","20","800054","78","２　アｄ　好中球減少患者、熱傷患者、臓器移植患者、短小腸患者等のＣＬＡＢＳＩの危険性が高い易感染患者（中心静脈用カテーテル（１）中心静脈カテーテル　抗菌型）","20","2ｱdｺｳﾁｭｳｷｭｳｹﾞﾝｼｮｳｶﾝｼ","0","0","0","0","0","0","0","0","0","0","1","20260601","99999999","820800054","99900617","","","","","",""
"3","C","8","20","900005","146","２　イ　ＣＬＡＢＳＩ発生率が地域や全国のサーベイランス（厚生労働省院内感染対策サーベイランス事業等）の報告結果を超えている保険医療機関において、中心静脈用カテーテルを挿入した日から起算して１４日以上の当該カテーテルの留置が必要である患者（中心静脈用カテーテル（１）中心静脈カテーテル　抗菌型）","20","2ｲCLABSIﾊｯｾｲﾘﾂｶﾞﾁｲｷﾔ","0","0","0","0","0","0","0","0","0","0","1","20260601","99999999","820900005","99990618","","","","","",""
"3","C","8","20","900006","77","１　高度肥満（ＢＭＩ３０以上）の患者（固定用内副子（プレート）（１）　ストレートプレート（生体用合金１・Ｓ）（２）ストレートプレート（生体用合金１・Ｌ））","14","1ｺｳﾄﾞﾋﾏﾝﾉｶﾝｼﾞｬ","0","0","0","0","0","0","0","0","0","0","1","20260601","99999999","820900006","99990619","","","","","",""
"3","C","8","20","900007","75","２　インスリン依存型糖尿病の患者（固定用内副子（プレート）（１）　ストレートプレート（生体用合金１・Ｓ）（２）ストレートプレート（生体用合金１・Ｌ））","20","2ｲﾝｽﾘﾝｲｿﾞﾝｶﾞﾀﾄｳﾆｮｳﾋﾞ","0","0","0","0","0","0","0","0","0","0","1","20260601","99999999","820900007","99990620","","","","","",""
"3","C","8","20","900008","147","３　重症ハイリスク症例と考えられる患者（高度慢性閉塞性肺疾患、ステロイド使用、両側内胸動脈を使用したバイパス手術を実施した患者、起立時・歩行時に上肢に体重をかける必要のある脳神経疾患患者等）（固定用内副子（プレート）（１）　ストレートプレート（生体用合金１・Ｓ）（２）及び（生体用合金１・Ｌ））","20","3ｼﾞｭｳｼｮｳﾊｲﾘｽｸﾚｲｶﾞｲﾄｶ","0","0","0","0","0","0","0","0","0","0","1","20260601","99999999","820900008","99990621","","","","","",""
"3","C","8","20","900009","32","１　イ　非吸収性縫合糸セット（経皮的血管形成術用穿刺部止血材料）","20","1ｲﾋｷｭｳｼｭｳｾｲﾎｳｺﾞｳｼｾｯﾄ","0","0","0","0","0","0","0","0","0","0","1","20260601","99999999","820900009","99990622","","","","","",""
"3","C","8","20","900010","47","１　ロ　吸収性局所止血材又はコラーゲン使用吸収性局所止血材（経皮的血管形成術用穿刺部止血材料）","20","1ﾛｷｭｳｼｭｳｾｲｷｮｸｼｮｼｹﾂｻﾞ","0","0","0","0","0","0","0","0","0","0","1","20260601","99999999","820900010","99990623","","","","","",""
"3","C","8","20","900011","31","１　ハ　単回使用自動縫合器（経皮的血管形成術用穿刺部止血材料）","20","1ﾊﾀﾝｶｲｼﾖｳｼﾞﾄﾞｳﾎｳｺﾞｳｷ","0","0","0","0","0","0","0","0","0","0","1","20260601","99999999","820900011","99990624","","","","","",""
"3","C","8","20","900012","52","２　ア　５Ｆｒ以上８Ｆｒ以下のイントロデューサーシースを使用した場合（経皮的血管形成術用穿刺部止血材料）","20","2ｱ5Frｲｼﾞｮｳ8Frｲｶﾉｲﾝﾄﾛ","0","0","0","0","0","0","0","0","0","0","1","20260601","99999999","820900012","99990625","","","","","",""
"3","C","8","20","900013","80","２　イ　８Ｆｒを超えるイントロデューサーシースを使用した症例であって、大腿動脈穿刺部位又は大腿静脈穿刺部位の止血を行った場合（経皮的血管形成術用穿刺部止血材料）","20","2ｲ8Frｦｺｴﾙｲﾝﾄﾛﾃﾞｭｰｻｰｼ","0","0","0","0","0","0","0","0","0","0","1","20260601","99999999","820900013","99990626","","","","","",""
"3","C","8","20","900014","93","３　ア　経皮的冠動脈形成術等を実施した患者の早期離床を目的とした大腿動脈穿刺部位の止血を行う場合に、５Ｆｒ以上のイントロデューサーシースを使用した場合（経皮的血管形成術用穿刺部止血材料）","20","3ｱｹｲﾋﾃｷｶﾝﾄﾞｳﾐｬｸｹｲｾｲｼ","0","0","0","0","0","0","0","0","0","0","1","20260601","99999999","820900014","99990627","","","","","",""
"3","C","8","20","900015","127","３　イ　経皮的心房中隔欠損閉鎖術等を実施した患者の早期離床を目的とした大腿静脈穿刺部位の止血を行う場合に、６Ｆｒ以上１２Ｆｒ以下のイントロデューサーシースを使用した症例であって、当該患者が手術の翌々日までに帰宅した場合（経皮的血管形成術用穿刺部止血材料）","20","3ｲｹｲﾋﾃｷｼﾝﾎﾞｳﾁｭｳｶｸｹｯｿ","0","0","0","0","0","0","0","0","0","0","1","20260601","99999999","820900015","99990628","","","","","",""
"3","C","8","20","900017","66","ア　副鼻腔の炎症が強く副鼻腔手術前に点鼻ステロイドまたは全身性ステロイド薬による治療歴がある症例（薬剤溶出型吸収性副鼻腔用ステント）","20","ｱﾌｸﾋﾞｸｳﾉｴﾝｼｮｳｶﾞﾂﾖｸﾌｸ","0","0","0","0","0","0","0","0","0","0","1","20260601","99999999","820900017","99990645","","","","","",""
"3","C","8","20","900018","37","イ　再発の副鼻腔炎に対する再手術の症例（薬剤溶出型吸収性副鼻腔用ステント）","20","ｲｻｲﾊﾂﾉﾌｸﾋﾞｸｳｴﾝﾆﾀｲｽﾙｻ","0","0","0","0","0","0","0","0","0","0","1","20260601","99999999","820900018","99990646","","","","","",""
"3","C","8","20","900019","70","ウ　副鼻腔手術後の内視鏡画像検査で中鼻道あるいは各副鼻腔自然口が狭く再閉鎖のリスクが高いと判断される症例（薬剤溶出型吸収性副鼻腔用ステント）","20","ｳﾌｸﾋﾞｸｳｼｭｼﾞｭﾂｺﾞﾉﾅｲｼｷ","0","0","0","0","0","0","0","0","0","0","1","20260601","99999999","820900019","99990647","","","","","",""
"3","C","8","20","900020","44","エ　慢性鼻副鼻腔炎の再発又は難治化のリスクが高い症例（薬剤溶出型吸収性副鼻腔用ステント）","20","ｴﾏﾝｾｲﾋﾞﾌｨｸﾋﾞｸｳｴﾝﾉｻｲﾊ","0","0","0","0","0","0","0","0","0","0","1","20260601","99999999","820900020","99990648","","","","","",""
"3","C","8","20","900030","64","２アａ　同一入院期間中においてＣＬＡＢＳＩを２回以上繰り返している患者（中心静脈用カテーテル（１）　中心静脈カテーテル・抗菌型）","20","2ｱaﾄﾞｳｲﾂﾆｭｳｲﾝｷｶﾝﾁｭｳﾆ","0","0","0","0","0","0","0","0","0","0","1","20260601","99999999","820900030","99990649","","","","","",""
"3","C","8","20","900031","62","２アｂ　小児等の中心静脈カテーテル挿入が可能な血管が限定される患者（中心静脈用カテーテル（１）　中心静脈カテーテル・抗菌型）","20","2ｱbｼｮｳﾆﾄｳﾉﾁｭｳｼﾝｼﾞｮｳﾐ","0","0","0","0","0","0","0","0","0","0","1","20260601","99999999","820900031","99990650","","","","","",""
"3","C","8","20","900032","104","２アｃ　人工弁、人工血管グラフト、心血管系電子デバイス（ペースメーカー等）等を体内に留置しており、ＣＬＡＢＳＩによる続発症が重篤化する危険性が高い患者（中心静脈用カテーテル（１）　中心静脈カテーテル・抗菌型）","20","2ｱcｼﾞﾝｺｳﾍﾞﾝ､ｼﾞﾝｺｳｹｯｶ","0","0","0","0","0","0","0","0","0","0","1","20260601","99999999","820900032","99990651","","","","","",""
"3","C","8","20","900033","78","２アｄ　好中球減少患者、熱傷患者、臓器移植患者、短小腸患者等のＣＬＡＢＳＩの危険性が高い易感染患者（中心静脈用カテーテル（１）　中心静脈カテーテル・抗菌型）","20","2ｱdｺｳﾁｭｳｷｭｳｹﾞﾝｼｮｳｶﾝｼ","0","0","0","0","0","0","0","0","0","0","1","20260601","99999999","820900033","99990652","","","","","",""
"3","C","8","20","900034","146","２イ　ＣＬＡＢＳＩ発生率が地域や全国のサーベイランス（厚生労働省院内感染対策サーベイランス事業等）の報告結果を超えている保険医療機関において、中心静脈用カテーテルを挿入した日から起算して１４日以上の当該カテーテルの留置が必要である患者（中心静脈用カテーテル（１）　中心静脈カテーテル・抗菌型）","20","2ｲCLABSIﾊｯｾｲﾘﾂｶﾞﾁｲｷﾔ","0","0","0","0","0","0","0","0","0","0","1","20260601","99999999","820900034","99990653","","","","","",""
"3","C","8","20","900035","30","ア　ＢＭＩが３０以上の肥満症の患者（局所陰圧閉鎖処置用材料）","20","ｱBMIｶﾞ30ｲｼﾞｮｳﾉﾋﾏﾝｼｮｳ","0","0","0","0","0","0","0","0","0","0","1","20260601","99999999","820900035","99990629","","","","","",""
"3","C","8","20","900036","68","イ　糖尿病患者のうち、ヘモグロビンＡ１ｃ（ＨｂＡ１ｃ）がＪＤＳ値で６．６％以上（ＮＧＳＰ値で７．０％以上）の者（局所陰圧閉鎖処置用材料）","18","ｲﾄｳﾆｮｳﾋﾞｮｳｶﾝｼﾞｬﾉｳﾁ","0","0","0","0","0","0","0","0","0","0","1","20260601","99999999","820900036","99990630","","","","","",""
"3","C","8","20","900037","30","ウ　ステロイド療法を受けている患者（局所陰圧閉鎖処置用材料）","20","ｳｽﾃﾛｲﾄﾞﾘｮｳﾎｳｦｳｹﾃｲﾙｶﾝ","0","0","0","0","0","0","0","0","0","0","1","20260601","99999999","820900037","99990631","","","","","",""
"3","C","8","20","900038","23","エ　慢性維持透析患者（局所陰圧閉鎖処置用材料）","17","ｴﾏﾝｾｲｲｼﾞﾄｳｾｷｶﾝｼﾞｬ","0","0","0","0","0","0","0","0","0","0","1","20260601","99999999","820900038","99990632","","","","","",""
"3","C","8","20","900039","26","オ　免疫不全状態にある患者（局所陰圧閉鎖処置用材料）","20","ｵﾒﾝｴｷﾌｾﾞﾝｼﾞｮｳﾀｲﾆｱﾙｶﾝ","0","0","0","0","0","0","0","0","0","0","1","20260601","99999999","820900039","99990633","","","","","",""
"3","C","8","20","900040","25","カ　低栄養状態にある患者（局所陰圧閉鎖処置用材料）","20","ｶﾃｲｴｲﾖｳｼﾞｮｳﾀｲﾆｱﾙｶﾝｼﾞ","0","0","0","0","0","0","0","0","0","0","1","20260601","99999999","820900040","99990634","","","","","",""
"3","C","8","20","900041","45","キ　創傷治癒遅延をもたらす皮膚疾患又は皮膚の血流障害を有する患者（局所陰圧閉鎖処置用材料）","20","ｷｿｳｼｮｳﾁﾕﾁｴﾝｦﾓﾀﾗｽﾋﾌｼｯ","0","0","0","0","0","0","0","0","0","0","1","20260601","99999999","820900041","99990635","","","","","",""
"3","C","8","20","900042","42","ク　手術の既往がある者に対して、同一部位に再手術を行う患者（局所陰圧閉鎖処置用材料）","20","ｸｼｭｼﾞｭﾂﾉｷｵｳｶﾞｱﾙﾓﾉﾆﾀｲ","0","0","0","0","0","0","0","0","0","0","1","20260601","99999999","820900042","99990636","","","","","",""
"3","C","8","20","900043","32","ア　ＢＭＩが３０以上の肥満症の患者（陰圧創傷治療用カートリッジ）","20","ｱBMIｶﾞ30ｲｼﾞｮｳﾉﾋﾏﾝｼｮｳ","0","0","0","0","0","0","0","0","0","0","1","20260601","99999999","820900043","99990637","","","","","",""
"3","C","8","20","900044","70","イ　糖尿病患者のうち、ヘモグロビンＡ１ｃ（ＨｂＡ１ｃ）がＪＤＳ値で６．６％以上（ＮＧＳＰ値で７．０％以上）の者（陰圧創傷治療用カートリッジ）","18","ｲﾄｳﾆｮｳﾋﾞｮｳｶﾝｼﾞｬﾉｳﾁ","0","0","0","0","0","0","0","0","0","0","1","20260601","99999999","820900044","99990638","","","","","",""
"3","C","8","20","900045","32","ウ　ステロイド療法を受けている患者（陰圧創傷治療用カートリッジ）","20","ｳｽﾃﾛｲﾄﾘｮｳﾎｳｦｳｹﾃｲﾙｶﾝｼ","0","0","0","0","0","0","0","0","0","0","1","20260601","99999999","820900045","99990639","","","","","",""
"3","C","8","20","900046","25","エ　慢性維持透析患者（陰圧創傷治療用カートリッジ）","17","ｴﾏﾝｾｲｲｼﾞﾄｳｾｷｶﾝｼﾞｬ","0","0","0","0","0","0","0","0","0","0","1","20260601","99999999","820900046","99990640","","","","","",""
"3","C","8","20","900047","28","オ　免疫不全状態にある患者（陰圧創傷治療用カートリッジ）","20","ｵﾒﾝｴｷﾌｾﾞﾝｼﾞｮｳﾀｲﾆｱﾙｶﾝ","0","0","0","0","0","0","0","0","0","0","1","20260601","99999999","820900047","99990641","","","","","",""
"3","C","8","20","900048","27","カ　低栄養状態にある患者（陰圧創傷治療用カートリッジ）","20","ｶﾃｲｴｲﾖｳｼﾞｮｳﾀｲﾆｱﾙｶﾝｼﾞ","0","0","0","0","0","0","0","0","0","0","1","20260601","99999999","820900048","99990642","","","","","",""
"3","C","8","20","900049","47","キ　創傷治癒遅延をもたらす皮膚疾患又は皮膚の血流障害を有する患者（陰圧創傷治療用カートリッジ）","20","ｷｿｳｼｮｳﾁﾕﾁｴﾝｦﾓﾀﾗｽﾋﾌｼｯ","0","0","0","0","0","0","0","0","0","0","1","20260601","99999999","820900049","99990643","","","","","",""
"3","C","8","20","900050","44","ク　手術の既往がある者に対して、同一部位に再手術を行う患者（陰圧創傷治療用カートリッジ）","20","ｸｼｭｼﾞｭﾂﾉｷｵｳｶﾞｱﾙﾓﾉﾆﾀｲ","0","0","0","0","0","0","0","0","0","0","1","20260601","99999999","820900050","99990644","","","","","",""
"3","C","8","20","900051","64","２　アａ　同一入院期間中においてＣＬＡＢＳＩを２回以上繰り返している患者（中心静脈用カテーテル（１）中心静脈カテーテル　抗菌型）","20","2ｱaﾄﾞｳｲﾂﾆｭｳｲﾝｷｶﾝﾁｭｳﾆ","0","0","0","0","0","0","0","0","0","0","1","20260601","99999999","820900051","99990614","","","","","",""
"3","C","8","20","900052","62","２　アｂ　小児等の中心静脈カテーテル挿入が可能な血管が限定される患者（中心静脈用カテーテル（１）中心静脈カテーテル　抗菌型）","20","2ｱbｼｮｳﾆﾄｳﾉﾁｭｳｼﾝｼﾞｮｳﾐ","0","0","0","0","0","0","0","0","0","0","1","20260601","99999999","820900052","99990615","","","","","",""
"3","C","8","20","900053","104","２　アｃ　人工弁、人工血管グラフト、心血管系電子デバイス（ペースメーカー等）等を体内に留置しており、ＣＬＡＢＳＩによる続発症が重篤化する危険性が高い患者（中心静脈用カテーテル（１）中心静脈カテーテル　抗菌型）","20","2ｱcｼﾞﾝｺｳﾍﾞﾝ､ｼﾞﾝｺｳｹｯｶ","0","0","0","0","0","0","0","0","0","0","1","20260601","99999999","820900053","99990616","","","","","",""
"3","C","8","20","900054","78","２　アｄ　好中球減少患者、熱傷患者、臓器移植患者、短小腸患者等のＣＬＡＢＳＩの危険性が高い易感染患者（中心静脈用カテーテル（１）中心静脈カテーテル　抗菌型）","20","2ｱdｺｳﾁｭｳｷｭｳｹﾞﾝｼｮｳｶﾝｼ","0","0","0","0","0","0","0","0","0","0","1","20260601","99999999","820900054","99990617","","","","","",""
"5","C","8","30","100140","23","治療内容（ウイルス・細菌核酸多項目同時検出）；","","","","","","","","","","","","","","20240601","","","","","","","","",""
"5","C","8","30","100443","20","保険医療機関名（服用薬剤調整支援料１）；","","","","","","","","","","","","","","20200401","","","","","","","","",""
"5","C","8","30","100444","18","提案年月日（服用薬剤調整支援料２）；","","","","","","","","","","","","","","20200401","","","","","","","","",""
"5","C","8","30","100954","20","手術実施診療科（外科医療確保特別加算）；","","","","","","","","","","","","","","20260601","","","","","","","","",""
"1","C","8","30","100986","26","変更のあった薬剤名（薬学的有害事象等防止加算のイ）；","15","ﾍﾝｺｳﾉｱｯﾀﾔｸｻﾞｲﾒｲ","0","0","0","0","0","0","0","0","0","0","1","20260601","99999999","830100986","99900251","","","","","",""
"1","C","8","30","100988","27","同時訪問した保険医氏名（訪問薬剤管理医師同時指導料）；","18","ﾄﾞｳｼﾞﾎｳﾓﾝｼﾀﾎｹﾝｲｼﾒｲ","0","0","0","0","0","0","0","0","0","0","1","20260601","99999999","830100988","99900253","","","","","",""
"1","C","8","30","100989","13","複数名の訪問が必要な理由；","20","ﾌｸｽｳﾒｲﾉﾎｳﾓﾝｶﾞﾋﾂﾖｳﾅﾘﾕ","0","0","0","0","0","0","0","0","0","0","1","20260601","99999999","830100989","99900254","","","","","",""
"5","C","8","30","100991","40","医学的な必要性（がんゲノムプロファイリング検査（造血器腫瘍を対象とする場合））；","13","ｲｶﾞｸﾃｷﾅﾋﾂﾖｳｾｲ","","","","","","","","","","","","20260601","","","","","","","","",""
"1","C","8","30","600031","21","ＩＧＡスコア（サイバインコ錠５０ｍｇ等）；","6","IGAｽｺｱ","0","0","0","0","0","0","0","0","0","0","1","20220401","99999999","830600031","51840000","","","","","",""
"1","C","8","30","600032","25","全身のＥＡＳＩスコア（サイバインコ錠５０ｍｇ等）；","13","ｾﾞﾝｼﾝﾉEASIｽｺｱ","0","0","0","0","0","0","0","0","0","0","1","20220401","99999999","830600032","51850000","","","","","",""
"1","C","8","30","600089","22","ＩＧＡスコア（リンヴォック錠７．５ｍｇ等）；","6","IGAｽｺｱ","0","0","0","0","0","0","0","0","0","0","1","20220401","99999999","830600089","54220000","","","","","",""
"1","C","8","30","600090","26","全身のＥＡＳＩスコア（リンヴォック錠７．５ｍｇ等）；","13","ｾﾞﾝｼﾝﾉEASIｽｺｱ","0","0","0","0","0","0","0","0","0","0","1","20220401","99999999","830600090","54230000","","","","","",""
"1","C","8","30","600091","27","頭頸部のＥＡＳＩスコア（リンヴォック錠７．５ｍｇ等）；","14","ﾄｳｹｲﾌﾞﾉEASIｽｺｱ","0","0","0","0","0","0","0","0","0","0","1","20220401","99999999","830600091","54240000","","","","","",""
"1","C","8","30","600119","26","頭頸部のＥＡＳＩスコア（サイバインコ錠５０ｍｇ等）；","14","ﾄｳｹｲﾌﾞﾉEASIｽｺｱ","0","0","0","0","0","0","0","0","0","0","1","20220401","99999999","830600119","51860000","","","","","",""
"1","C","8","30","600135","23","全身のＥＡＳＩスコア（デュピクセント皮下注）；","13","ｾﾞﾝｼﾝﾉEASIｽｺｱ","0","0","0","0","0","0","0","0","0","0","1","20220401","99999999","830600135","52985000","","","","","",""
"1","C","8","30","600136","24","頭頸部のＥＡＳＩスコア（デュピクセント皮下注）；","14","ﾄｳｹｲﾌﾞﾉEASIｽｺｱ","0","0","0","0","0","0","0","0","0","0","1","20220401","99999999","830600136","52995000","","","","","",""
"1","C","8","30","600137","19","ＩＧＡスコア（デュピクセント皮下注）；","6","IGAｽｺｱ","0","0","0","0","0","0","0","0","0","0","1","20220401","99999999","830600137","52975000","","","","","",""
"1","C","8","30","600228","17","投与期間ア（デュピクセント皮下注）","7","ﾄｳﾖｷｶﾝｱ","0","0","0","0","0","0","0","0","0","0","1","20260601","99999999","830600228","99900458","","","","","",""
"1","C","8","30","600229","17","投与期間イ（デュピクセント皮下注）","7","ﾄｳﾖｷｶﾝｲ","0","0","0","0","0","0","0","0","0","0","1","20260601","99999999","830600229","99900459","","","","","",""
"1","C","8","30","600230","17","投与期間ウ（デュピクセント皮下注）","7","ﾄｳﾖｷｶﾝｳ","0","0","0","0","0","0","0","0","0","0","1","20260601","99999999","830600230","99900460","","","","","",""
"1","C","8","30","800001","29","３週間を超えて算定する詳細な理由（皮膚欠損用創傷被覆材）；","20","3ｼｭｳｶﾝｦｺｴﾃｻﾝﾃｲｽﾙｼｮｳｻ","0","0","0","0","0","0","0","0","0","0","1","20260601","99999999","830800001","99900783","","","","","",""
"1","C","8","30","800002","30","３週間を超えて算定する詳細な理由（非固着性シリコンガーゼ）；","20","3ｼｭｳｶﾝｦｺｴﾃｻﾝﾃｲｽﾙｼｮｳｻ","0","0","0","0","0","0","0","0","0","0","1","20260601","99999999","830800002","99900784","","","","","",""
"1","C","8","30","800003","38","前回算定日を起算日として３か月以内に算定する詳細な理由（水循環回路セット）；","20","ｾﾞﾝｶｲｻﾝﾃｲﾋﾞｦｷｻﾝﾋﾞﾄｼﾃ","0","0","0","0","0","0","0","0","0","0","1","20260601","99999999","830800003","99900656","","","","","",""
"1","C","8","30","800004","25","２個以上算定する詳細な理由（膀胱瘻用カテーテル）；","20","2ｺｲｼﾞｮｳｻﾝﾃｲｽﾙｼｮｳｻｲﾅﾘ","0","0","0","0","0","0","0","0","0","0","1","20260601","99999999","830800004","99900657","","","","","",""
"1","C","8","30","800005","35","３週間を超えて算定する理由及び医学的な根拠（局所陰圧閉鎖処置用材料）；","20","3ｼｭｳｶﾝｦｺｴﾃｻﾝﾃｲｽﾙﾘﾕｳｵ","0","0","0","0","0","0","0","0","0","0","1","20260601","99999999","830800005","99900732","","","","","",""
"1","C","8","30","800006","25","６０個を超えて算定する医学的必要性（人工鼻材料）；","20","60ｺｦｺｴﾃｻﾝﾃｲｽﾙｲｶﾞｸﾃｷﾋ","0","0","0","0","0","0","0","0","0","0","1","20260601","99999999","830800006","99900785","","","","","",""
"1","C","8","30","800007","41","３０枚を超えて算定する医学的必要性（人工鼻材料（（２）　接続用材料・シール型））；","20","30ﾏｲｦｺｴﾃｻﾝﾃｲｽﾙｲｶﾞｸﾃｷ","0","0","0","0","0","0","0","0","0","0","1","20260601","99999999","830800007","99900786","","","","","",""
"1","C","8","30","800008","34","４枚以外の枚数を算定する理由（体表面用電場電極（（１）膠芽腫用））；","20","4ﾏｲｲｶﾞｲﾉﾏｲｽｳｦｻﾝﾃｲｽﾙﾘ","0","0","0","0","0","0","0","0","0","0","1","20260601","99999999","830800008","99900661","","","","","",""
"1","C","8","30","800009","50","遠位端可動型治療用を使用する医学的な根拠（血管造影用マイクロカテーテル（３）　遠位端可動型治療用）；","20","ｴﾝｲﾀﾝｶﾄﾞｳｶﾞﾀﾁﾘｮｳﾖｳｦｼ","0","0","0","0","0","0","0","0","0","0","1","20260601","99999999","830800009","99900662","","","","","",""
"1","C","8","30","800010","77","重症慢性閉塞性肺疾患（ＣＯＰＤ）患者に対する気管支バルブの留置による治療を実施する医学的な根拠（血管造影用マイクロカテーテル（４）　気管支バルブ治療用）；","20","ｼﾞｭｳｼｮｳﾏﾝｾｲﾍｲｿｸｾｲﾊｲｼ","0","0","0","0","0","0","0","0","0","0","1","20260601","99999999","830800010","99900663","","","","","",""
"1","C","8","30","800011","35","１　症状詳記（中心静脈用カテーテル（１）中心静脈カテーテル　抗菌型）；","12","1ｼｮｳｼﾞｮｳｼｮｳｷ","0","0","0","0","0","0","0","0","0","0","1","20260601","99999999","830800011","99900664","","","","","",""
"1","C","8","30","800012","42","３　対象患者のアレルギー歴（中心静脈用カテーテル（１）中心静脈カテーテル　抗菌型）；","20","3ﾀｲｼｮｳｶﾝｼﾞｬﾉｱﾚﾙｷﾞｰﾚｷ","0","0","0","0","0","0","0","0","0","0","1","20260601","99999999","830800012","99900665","","","","","",""
"1","C","8","30","800013","96","４　（２のイに該当する患者に対して使用する場合）ＣＬＡＢＳＩ発生率及び参考とした地域や全国のサーベイランスにおけるＣＬＡＢＳＩ発生率（中心静脈用カテーテル（１）　中心静脈カテーテル・抗菌型）；","20","42ｲﾆｶﾞｲﾄｳｽﾙｶﾝｼﾞｬﾆﾀｲｼ","0","0","0","0","0","0","0","0","0","0","1","20260601","99999999","830800013","99900780","","","","","",""
"1","C","8","30","800014","26","２個以上算定する詳細な理由（腎瘻又は膀胱瘻用材料）；","20","2ｺｲｼﾞｮｳｻﾝﾃｲｽﾙｼｮｳｻｲﾅﾘ","0","0","0","0","0","0","0","0","0","0","1","20260601","99999999","830800014","99900667","","","","","",""
"1","C","8","30","800015","37","２個以上算定する詳細な理由（経皮的又は経内視鏡的胆管等ドレナージ用材料）；","20","2ｺｲｼﾞｮｳｻﾝﾃｲｽﾙｼｮｳｻｲﾅﾘ","0","0","0","0","0","0","0","0","0","0","1","20260601","99999999","830800015","99900668","","","","","",""
"1","C","8","30","800016","46","１０歳以上の患者に対して使用した医学的理由（脊椎固定用材料（６）脊椎スクリュー（伸展型））；","20","10ｻｲｲｼﾞｮｳﾉｶﾝｼﾞｬﾆﾀｲｼﾃ","0","0","0","0","0","0","0","0","0","0","1","20260601","99999999","830800016","99900669","","","","","",""
"1","C","8","30","800017","22","詳細な理由（人工肩関節用材料（３）切換用）；","9","ｼｮｳｻｲﾅﾘﾕｳ","0","0","0","0","0","0","0","0","0","0","1","20260601","99999999","830800017","99900670","","","","","",""
"1","C","8","30","800018","20","詳細な理由（上肢再建用人工関節用材料）；","9","ｼｮｳｻｲﾅﾘﾕｳ","0","0","0","0","0","0","0","0","0","0","1","20260601","99999999","830800018","99900671","","","","","",""
"1","C","8","30","800019","20","詳細な理由（下肢再建用人工関節用材料）；","9","ｼｮｳｻｲﾅﾘﾕｳ","0","0","0","0","0","0","0","0","0","0","1","20260601","99999999","830800019","99900672","","","","","",""
"1","C","8","30","800020","73","カスタムメイド人工関節、カスタムメイド人工骨又はカスタムメイド人工骨プレートを用いる詳細な理由（カスタムメイド人工関節及びカスタムメイド人工骨）；","17","ｶｽﾀﾑﾒｲﾄﾞｼﾞﾝｺｳｶﾝｾﾂ","0","0","0","0","0","0","0","0","0","0","1","20260601","99999999","830800020","99900673","","","","","",""
"1","C","8","30","800021","31","人工内耳用材料の交換を実施する医学的必要性（人工内耳用材料）；","20","ｼﾞﾝｺｳﾅｲｼﾞﾖｳｻﾞｲﾘｮｳﾉｺｳ","0","0","0","0","0","0","0","0","0","0","1","20260601","99999999","830800021","99900674","","","","","",""
"1","C","8","30","800022","53","永久留置型・特殊型を算定する理由及び医学的な根拠（気管・気管支・大静脈ステント（２）永久留置型・特殊型）；","20","ｴｲｷｭｳﾘｭｳﾁｶﾞﾀ･ﾄｸｼｭｶﾞﾀ","0","0","0","0","0","0","0","0","0","0","1","20260601","99999999","830800022","99900675","","","","","",""
"1","C","8","30","800023","49","前回算定日を起算日として３か月以内に算定する詳細な理由（補助人工心臓セット（１）体外型・小児用）；","20","ｾﾞﾝｶｲｻﾝﾃｲﾋﾞｦｷｻﾝﾋﾞﾄｼﾃ","0","0","0","0","0","0","0","0","0","0","1","20260601","99999999","830800023","99900677","","","","","",""
"1","C","8","30","800024","45","植え込み後に再度植え込む必要が生じた理由（補助人工心臓セット（２）植込型（非拍動流型））；","20","ｳｴｺﾐｺﾞﾆｻｲﾄﾞｳｴｺﾑﾋﾂﾖｳｶ","0","0","0","0","0","0","0","0","0","0","1","20260601","99999999","830800024","99900678","","","","","",""
"1","C","8","30","800025","50","前回算定日を起算日として３か月以内に算定する詳細な理由（補助人工心臓セット（３）水循環回路セット）；","20","ｾﾞﾝｶｲｻﾝﾃｲﾋﾞｦｷｻﾝﾋﾞﾄｼﾃ","0","0","0","0","0","0","0","0","0","0","1","20260601","99999999","830800025","99900679","","","","","",""
"1","C","8","30","800026","40","使用する医療上の必要性（ガイディングカテーテル（２）脳血管用・高度屈曲対応型）；","20","ｼﾖｳｽﾙｲﾘｮｳｼﾞｮｳﾉﾋﾂﾖｳｾｲ","0","0","0","0","0","0","0","0","0","0","1","20260601","99999999","830800026","99900680","","","","","",""
"1","C","8","30","800027","45","脳血管用・紡錘型を使用する医療上の必要性（ガイディングカテーテル（２）脳血管用・紡錘型）；","20","ﾉｳｹｯｶﾝﾖｳ･ﾎﾞｳｽｲｶﾞﾀｦｼﾖ","0","0","0","0","0","0","0","0","0","0","1","20260601","99999999","830800027","99900681","","","","","",""
"1","C","8","30","800028","57","脳血管用・橈骨動脈穿刺対応型を使用する医療上の必要性（ガイディングカテーテル（２）脳血管用・橈骨動脈穿刺対応型）；","20","ﾉｳｹｯｶﾝﾖｳ･ﾄｳｺﾂﾄﾞｳﾐｬｸｾ","0","0","0","0","0","0","0","0","0","0","1","20260601","99999999","830800028","99900682","","","","","",""
"1","C","8","30","800029","49","脳血管用・自己拡張型を使用する医療上の必要性（ガイディングカテーテル（２）脳血管用・自己拡張型）；","20","ﾉｳｹｯｶﾝﾖｳ･ｼﾞｺｶｸﾁｮｳｶﾞﾀ","0","0","0","0","0","0","0","0","0","0","1","20260601","99999999","830800029","99900683","","","","","",""
"1","C","8","30","800030","39","分枝血管用を使用する医療上の必要性（ガイディングカテーテル（５）分枝血管用）；","20","ﾌﾞﾝｼｹｯｶﾝﾖｳｦｼﾖｳｽﾙｲﾘｮｳ","0","0","0","0","0","0","0","0","0","0","1","20260601","99999999","830800030","99900684","","","","","",""
"1","C","8","30","800031","55","３個以上使用する医学的必要性（血管内手術用カテーテル（２）末梢血管用ステントセット・生体吸収・再狭窄抑制型）；","20","3ｺｲｼﾞｮｳｼﾖｳｽﾙｲｶﾞｸﾃｷﾋﾂ","0","0","0","0","0","0","0","0","0","0","1","20260601","99999999","830800031","99900685","","","","","",""
"1","C","8","30","800032","48","使用した理由及び症状詳記（血管内手術用カテーテル（３）ＰＴＡバルーンカテーテル・再狭窄抑制型）；","20","ｼﾖｳｼﾀﾘﾕｳｵﾖﾋﾞｼｮｳｼﾞｮｳｼ","0","0","0","0","0","0","0","0","0","0","1","20260601","99999999","830800032","99900686","","","","","",""
"1","C","8","30","800033","70","一般型バルーンカテーテルでは拡張が困難であると判断した医学的根拠（血管内手術用カテーテル（３）ＰＴＡバルーンカテーテル・ボディワイヤー型）；","20","ｲｯﾊﾟﾝｶﾞﾀﾊﾞﾙｰﾝｶﾃｰﾃﾙﾃﾞ","0","0","0","0","0","0","0","0","0","0","1","20260601","99999999","830800033","99900687","","","","","",""
"1","C","8","30","800034","83","頸動脈用ステント併用型・経頸動脈型を使用する医療上の必要性（血管内手術用カテーテル（７）血管内血栓異物除去用留置カテーテル　・頸動脈用ステント併用型　エ経頸動脈型）；","20","ｹｲﾄﾞｳﾐｬｸﾖｳｽﾃﾝﾄﾍｲﾖｳｶﾞ","0","0","0","0","0","0","0","0","0","0","1","20260601","99999999","830800034","99900688","","","","","",""
"1","C","8","30","800035","85","リード一体型ペースメーカー抜去用カテーテルを使用する医療上の必要性（血管内手術用カテーテル（８）血管内異物除去用カテーテル・リード一体型ペースメーカー抜去用カテーテル）；","20","ﾘｰﾄﾞｲｯﾀｲｶﾞﾀﾍﾟｰｽﾒｰｶｰﾊ","0","0","0","0","0","0","0","0","0","0","1","20260601","99999999","830800035","99900689","","","","","",""
"1","C","8","30","800036","52","経皮的血管形成術前の患者の病変部の所見（血管内手術用カテーテル（１６）下肢動脈狭窄部貫通用カテーテル）；","20","ｹｲﾋﾃｷｹｯｶﾝｹｲｾｲｼﾞｭﾂﾏｴﾉ","0","0","0","0","0","0","0","0","0","0","1","20260601","99999999","830800036","99900690","","","","","",""
"1","C","8","30","800037","44","使用する医療上の必要性（血管内手術用カテーテル（１６）下肢動脈狭窄部貫通用カテーテル）；","20","ｼﾖｳｽﾙｲﾘｮｳｼﾞｮｳﾉﾋﾂﾖｳｾｲ","0","0","0","0","0","0","0","0","0","0","1","20260601","99999999","830800037","99900691","","","","","",""
"1","C","8","30","800038","45","患者の血管病変部の所見（直径を含む。）（血管内手術用カテーテル（１７）血管塞栓用プラグ）；","20","ｶﾝｼﾞｬﾉｹｯｶﾝﾋﾞｮｳﾍﾝﾌﾞﾉｼ","0","0","0","0","0","0","0","0","0","0","1","20260601","99999999","830800038","99900692","","","","","",""
"1","C","8","30","800039","52","２個以上使用する医学的必要性（血管内手術用カテーテル（２１）脳動脈瘤治療用フローダイバーターシステム）；","20","2ｺｲｼﾞｮｳｼﾖｳｽﾙｲｶﾞｸﾃｷﾋﾂ","0","0","0","0","0","0","0","0","0","0","1","20260601","99999999","830800039","99900693","","","","","",""
"1","C","8","30","800040","84","大動脈分岐部用フィルターセットの使用が適切であると判断した医学的根拠（血管病変部の画像所見等を含む。）（血管内手術用カテーテル（２３）大動脈分岐部用フィルターセット）；","20","ﾀﾞｲﾄﾞｳﾐｬｸﾌﾞﾝｷﾌﾞﾌｨﾙﾀｰ","0","0","0","0","0","0","0","0","0","0","1","20260601","99999999","830800040","99900694","","","","","",""
"1","C","8","30","800041","36","１６歳以上の患者に対して使用する医学的理由（人工血管（３）短期使用型）；","20","16ｻｲｲｼﾞｮｳﾉｶﾝｼﾞｬyﾆﾀｲｼ","0","0","0","0","0","0","0","0","0","0","1","20260601","99999999","830800041","99900695","","","","","",""
"1","C","8","30","800042","25","症状詳記（両室ペーシング機能付き植込型除細動器）；","11","ｼｮｳｼﾞｮｳｼｮｳｷ","0","0","0","0","0","0","0","0","0","0","1","20260601","99999999","830800042","99900696","","","","","",""
"1","C","8","30","800043","54","外科手術が第一選択とならない旨（大動脈用ステントグラフト（１）腹部大動脈用ステントグラフト（メイン部分））；","20","ｹﾞｶｼｭｼﾞｭﾂｶﾞﾀﾞｲｲﾁｾﾝﾀｸ","0","0","0","0","0","0","0","0","0","0","1","20260601","99999999","830800043","99900697","","","","","",""
"1","C","8","30","800044","48","治療が適応となる旨（大動脈用ステントグラフト（１）腹部大動脈用ステントグラフト（メイン部分））；","15","ﾁﾘｮｳｶﾞﾃｷｵｳﾄﾅﾙﾑﾈ","0","0","0","0","0","0","0","0","0","0","1","20260601","99999999","830800044","99900698","","","","","",""
"1","C","8","30","800045","65","１回の手術に対して複数個算定する医学的必要性（大動脈用ステントグラフト（１）腹部大動脈用ステントグラフト（メイン部分）・標準型）；","20","1ｶｲﾉｼｭｼﾞｭﾂﾆﾀｲｼﾃﾌｸｽｳｺ","0","0","0","0","0","0","0","0","0","0","1","20260601","99999999","830800045","99900699","","","","","",""
"1","C","8","30","800046","60","１回の手術に対して複数個算定する医学的必要性（大動脈用ステントグラフト（２）腹部大動脈用ステントグラフト（補助部分））；","20","1ｶｲﾉｼｭｼﾞｭﾂﾆﾀｲｼﾃﾌｸｽｳｺ","0","0","0","0","0","0","0","0","0","0","1","20260601","99999999","830800046","99900700","","","","","",""
"1","C","8","30","800047","52","複数個の治療が適応となる旨（大動脈用ステントグラフト（３）胸部大動脈用ステントグラフト（メイン部分））；","20","ﾌｸｽｳｺﾉﾁﾘｮｳｶﾞﾃｷｵｳﾄﾅﾙﾑ","0","0","0","0","0","0","0","0","0","0","1","20260601","99999999","830800047","99900701","","","","","",""
"1","C","8","30","800048","62","使用した部位の主要分岐血管名（大動脈用ステントグラフト（３）胸部大動脈用ステントグラフト（メイン部分）・血管分岐部対応型）；","20","ｼﾖｳｼﾀﾌﾞｲﾉｼｭﾖｳﾌﾞﾝｷｹｯｶ","0","0","0","0","0","0","0","0","0","0","1","20260601","99999999","830800048","99900702","","","","","",""
"1","C","8","30","800049","55","治療が適応となる旨（大動脈用ステントグラフト（３）胸部大動脈用ステントグラフト（メイン部分）・中枢端可動型）；","15","ﾁﾘｮｳｶﾞﾃｷｵｳﾄﾅﾙﾑﾈ","0","0","0","0","0","0","0","0","0","0","1","20260601","99999999","830800049","99900703","","","","","",""
"1","C","8","30","800050","81","（複数個使用する場合のみ記載）複数個の当該材料による治療が適応となる旨（大動脈用ステントグラフト（３）胸部大動脈用ステントグラフト（メイン部分）・中枢端可動型）；","20","ﾌｸｽｳｺﾉﾄｳｶﾞｲｻﾞｲﾘｮｳﾆﾖﾙ","0","0","0","0","0","0","0","0","0","0","1","20260601","99999999","830800050","99900704","","","","","",""
"1","C","8","30","800051","62","当該材料による治療が適応となる旨（大動脈用ステントグラフト（３）胸部大動脈用ステントグラフト（メイン部分）・中枢端可動型）；","20","ﾄｳｶﾞｲｻﾞｲﾘｮｳﾆﾖﾙﾁﾘｮｳｶﾞ","0","0","0","0","0","0","0","0","0","0","1","20260601","99999999","830800051","99900705","","","","","",""
"1","C","8","30","800052","74","（複数個使用する場合のみ記載）複数個の治療が適応となる旨（大動脈用ステントグラフト（３）胸部大動脈用ステントグラフト（メイン部分）・中枢端可動型）；","20","ﾌｸｽｳｺﾉﾁﾘｮｳｶﾞﾃｷｵｳﾄﾅﾙﾑ","0","0","0","0","0","0","0","0","0","0","1","20260601","99999999","830800052","99900706","","","","","",""
"1","C","8","30","800053","61","複数個の治療が適応となる旨（大動脈用ステントグラフト（４）胸部大動脈用ステントグラフト（補助部分）・分枝血管部分連結型）；","20","ﾌｸｽｳｺﾉﾁﾘｮｳｶﾞﾃｷｵｳﾄﾅﾙﾑ","0","0","0","0","0","0","0","0","0","0","1","20260601","99999999","830800053","99900707","","","","","",""
"1","C","8","30","800054","53","複数個の治療が適応となる旨（大動脈用ステントグラフト（５）大動脈解離用ステントグラフト（ベアステント））；","20","ﾌｸｽｳｺﾉﾁﾘｮｳｶﾞﾃｷｵｳﾄﾅﾙﾑ","0","0","0","0","0","0","0","0","0","0","1","20260601","99999999","830800054","99900708","","","","","",""
"1","C","8","30","800055","54","複数個の治療が適応となる旨（大動脈用ステントグラフト　（６）胸部大動脈用ステントグラフト（分枝血管部分））；","20","ﾌｸｽｳｺﾉﾁﾘｮｳｶﾞﾃｷｵｳﾄﾅﾙﾑ","0","0","0","0","0","0","0","0","0","0","1","20260601","99999999","830800055","99900709","","","","","",""
"1","C","8","30","800056","56","血管内超音波プローブと血管内光断層撮影用カテーテルを同時に使用する医学的必要性（血管内光断層撮影用カテーテル）；","20","ｹｯｶﾝﾅｲﾁｮｳｵﾝﾊﾟﾌﾟﾛｰﾌﾞﾄ","0","0","0","0","0","0","0","0","0","0","1","20260601","99999999","830800056","99900710","","","","","",""
"1","C","8","30","800057","54","４０枚を超えて使用する医学的必要性（ヒト自家移植組織　（１）　自家培養表皮（重症熱傷に対し使用する場合））；","20","40ﾏｲｦｺｴﾃｼﾖｳｽﾙｲｶﾞｸﾃｷﾋ","0","0","0","0","0","0","0","0","0","0","1","20260601","99999999","830800057","99900711","","","","","",""
"1","C","8","30","800058","41","症状詳記（ヒト自家移植組織　（１）　自家培養表皮（重症熱傷に対し使用する場合））；","11","ｼｮｳｼﾞｮｳｼｮｳｷ","0","0","0","0","0","0","0","0","0","0","1","20260601","99999999","830800058","99900712","","","","","",""
"1","C","8","30","800059","47","症状詳記（ヒト自家移植組織　（１）　自家培養表皮（先天性巨大色素性母斑に対し使用する場合））；","11","ｼｮｳｼﾞｮｳｼｮｳｷ","0","0","0","0","0","0","0","0","0","0","1","20260601","99999999","830800059","99900713","","","","","",""
"1","C","8","30","800060","49","ｃ　治療間隔（ヒト自家移植組織　（１）　自家培養表皮（先天性巨大色素性母斑に対し使用する場合））；","9","cﾁﾘｮｳｶﾝｶｸ","0","0","0","0","0","0","0","0","0","0","1","20260601","99999999","830800060","99900714","","","","","",""
"1","C","8","30","800061","24","症状詳記（ヒト自家移植組織（１）自家培養表皮）；","11","ｼｮｳｼﾞｮｳｼｮｳｷ","0","0","0","0","0","0","0","0","0","0","1","20260601","99999999","830800061","99900717","","","","","",""
"1","C","8","30","800062","26","ｃ　治療間隔（ヒト自家移植組織（１）自家培養表皮）；","8","cﾁﾘｮｳｷｶﾝ","0","0","0","0","0","0","0","0","0","0","1","20260601","99999999","830800062","99900718","","","","","",""
"1","C","8","30","800063","24","ｄ　回数（ヒト自家移植組織（１）自家培養表皮）；","5","dｶｲｽｳ","0","0","0","0","0","0","0","0","0","0","1","20260601","99999999","830800063","99900719","","","","","",""
"1","C","8","30","800064","48","使用する医療上の必要性及び軟骨欠損面積等を含めた症状詳記（ヒト自家移植組織（２）自家培養軟骨）；","20","ｼﾖｳｽﾙｲﾘｮｳｼﾞｮｳﾉﾋﾂﾖｳｾｲ","0","0","0","0","0","0","0","0","0","0","1","20260601","99999999","830800064","99900720","","","","","",""
"1","C","8","30","800065","44","角膜上皮幹細胞疲弊症の重症度を含めた症状詳記（ヒト自家移植組織（３）自家培養角膜上皮）；","20","ｶｸﾏｸｼﾞｮｳﾋｶﾝｻｲﾎﾞｳﾋﾍｲｼ","0","0","0","0","0","0","0","0","0","0","1","20260601","99999999","830800065","99900721","","","","","",""
"1","C","8","30","800066","46","角膜上皮幹細胞疲弊症の重症度を含めた症状詳記（ヒト自家移植組織（４）自家培養口腔粘膜上皮）；","20","ｶｸﾏｸｼﾞｮｳﾋｶﾝｻｲﾎﾞｳﾋﾍｲｼ","0","0","0","0","0","0","0","0","0","0","1","20260601","99999999","830800066","99900722","","","","","",""
"1","C","8","30","800067","56","角膜上皮幹細胞疲弊症の癒着スコアを含めた症状詳記（ヒト自家移植組織（５）ヒト羊膜基質使用自家培養口腔粘膜上皮）；","20","ｶｸﾏｸｼﾞｮｳﾋｶﾝｻｲﾎﾞｳﾋﾍｲｼ","0","0","0","0","0","0","0","0","0","0","1","20260601","99999999","830800067","99900723","","","","","",""
"1","C","8","30","800068","70","４０枚を超えて使用する医学的必要性（ヒト自家移植組織　（１）　自家培養表皮（非外科的治療が無効又は適応とならない白斑に対し使用する場合））；","20","40ﾏｲｦｺｴﾃｼﾖｳｽﾙｲｶﾞｸﾃｷﾋ","0","0","0","0","0","0","0","0","0","0","1","20260601","99999999","830800068","99900724","","","","","",""
"1","C","8","30","800069","80","医療上の必要性及び合併症等について患者に説明を行った旨（ヒト自家移植組織　（１）　自家培養表皮（非外科的治療が無効又は適応とならない白斑に対し使用する場合））；","20","ｲﾘｮｳｼﾞｮｳﾉﾋﾂﾖｳｾｲｵﾖﾋﾞｶ","0","0","0","0","0","0","0","0","0","0","1","20260601","99999999","830800069","99900725","","","","","",""
"1","C","8","30","800070","57","医学的理由（ヒト自家移植組織（１）　自家培養表皮（非外科的治療が無効又は適応とならない白斑に対し使用する場合））；","9","ｲｶﾞｸﾃｷﾘﾕｳ","0","0","0","0","0","0","0","0","0","0","1","20260601","99999999","830800070","99900726","","","","","",""
"1","C","8","30","800071","78","セット（肋骨間用、肋骨腰椎間用又は肋骨腸骨間用）を３セット以上を算定する医学的根拠（胸郭変形矯正用材料（１）肋骨間用（２）肋骨腰椎間用（３）肋骨腸骨間用）；","3","ｾｯﾄ","0","0","0","0","0","0","0","0","0","0","1","20260601","99999999","830800071","99900727","","","","","",""
"1","C","8","30","800072","95","部品連結用・横型を用いる場合であってセット（肋骨間用、肋骨腰椎間用又は肋骨腸骨間用）を２セット以上算定する医学的根拠（胸郭変形矯正用材料（１）肋骨間用（２）肋骨腰椎間用（３）肋骨腸骨間用）；","20","ﾌﾞﾋﾝﾚﾝｹﾂﾖｳ･ﾖｺｶﾞﾀｦﾓﾁｲ","0","0","0","0","0","0","0","0","0","0","1","20260601","99999999","830800072","99900728","","","","","",""
"1","C","8","30","800073","33","使用した患者の体重（経皮的動脈管閉鎖セット（２）動脈管内留置型）；","17","ｼﾖｳｼﾀｶﾝｼﾞｬﾉﾀｲｼﾞｭｳ","0","0","0","0","0","0","0","0","0","0","1","20260601","99999999","830800073","99900729","","","","","",""
"1","C","8","30","800074","37","使用する理由及び医学的根拠（経皮的動脈管閉鎖セット（２）動脈管内留置型）；","20","ｼﾖｳｽﾙﾘﾕｳｵﾖﾋﾞｲｶﾞｸﾃｷｺﾝ","0","0","0","0","0","0","0","0","0","0","1","20260601","99999999","830800074","99900730","","","","","",""
"1","C","8","30","800075","25","使用する理由及び医学的根拠（植込型心電図記録計）；","20","ｼﾖｳｽﾙﾘﾕｳｵﾖﾋﾞｲｶﾞｸﾃｷｺﾝ","0","0","0","0","0","0","0","0","0","0","1","20260601","99999999","830800075","99900731","","","","","",""
"1","C","8","30","800077","36","１回の手術で２セット以上使用する医療上の必要性（椎体形成用材料セット）；","20","1ｶｲﾉｼｭｼﾞｭﾂﾃﾞ2ｾｯﾄｲｼﾞｮ","0","0","0","0","0","0","0","0","0","0","1","20260601","99999999","830800077","99900733","","","","","",""
"1","C","8","30","800078","54","患者の平均骨導聴力レベル、植込型骨導補聴器を使用する必要がある理由、既存の治療の結果等（植込型骨導補聴器）；","20","ｶﾝｼﾞｬﾉﾍｲｷﾝｺﾂﾄﾞｳﾁｮｳﾘｮ","0","0","0","0","0","0","0","0","0","0","1","20260601","99999999","830800078","99900734","","","","","",""
"1","C","8","30","800079","18","症状詳記（気管支手術用カテーテル）；","11","ｼｮｳｼﾞｮｳｼｮｳｷ","0","0","0","0","0","0","0","0","0","0","1","20260601","99999999","830800079","99900735","","","","","",""
"1","C","8","30","800080","43","局所遺残再発食道癌に対し２本目を算定する場合の内視鏡所見（半導体レーザー用プローブ）；","20","ｷｮｸｼｮｲｻﾞﾝｻｲﾊﾂｼｮｸﾄﾞｳｶ","0","0","0","0","0","0","0","0","0","0","1","20260601","99999999","830800080","99900736","","","","","",""
"1","C","8","30","800081","58","切除不能な局所進行又は局所再発の頭頸部癌に対し一連の使用につき８本を超えて算定する理由（半導体レーザー用プローブ）；","20","ｾﾂｼﾞｮﾌﾉｳﾅｷｮｸｼｮｼﾝｺｳﾏﾀ","0","0","0","0","0","0","0","0","0","0","1","20260601","99999999","830800081","99900737","","","","","",""
"1","C","8","30","800082","32","人工中耳用材料を使用する理由及び医学的な根拠（人工中耳用材料）；","20","ｼﾞﾝｺｳﾁｭｳｼﾞﾖｳｻﾞｲﾘｮｳｦｼ","0","0","0","0","0","0","0","0","0","0","1","20260601","99999999","830800082","99900738","","","","","",""
"1","C","8","30","800083","44","末梢血管用ステントグラフトを使用する理由及び医学的な根拠（末梢血管用ステントグラフト）；","20","ﾏｯｼｮｳｹｯｶﾝﾖｳｽﾃﾝﾄｸﾞﾗﾌﾄ","0","0","0","0","0","0","0","0","0","0","1","20260601","99999999","830800083","99900739","","","","","",""
"1","C","8","30","800084","20","画像所見（末梢血管用ステントグラフト）；","9","ｶﾞｿﾞｳｼｮｹﾝ","0","0","0","0","0","0","0","0","0","0","1","20260601","99999999","830800084","99900740","","","","","",""
"1","C","8","30","800085","44","複数個の治療が適応となる旨（末梢血管用ステントグラフト（３）腹部大動脈分枝血管対応型）；","20","ﾌｸｽｳｺﾉﾁﾘｮｳｶﾞﾃｷｵｳﾄﾅﾙﾑ","0","0","0","0","0","0","0","0","0","0","1","20260601","99999999","830800085","99900741","","","","","",""
"1","C","8","30","800086","50","使用する医療上の必要性及び使用した日数を含めた症状詳記（補助循環用ポンプカテーテル（２）高流量型）；","20","ｼﾖｳｽﾙｲﾘｮｳｼﾞｮｳﾉﾋﾂﾖｳｾｲ","0","0","0","0","0","0","0","0","0","0","1","20260601","99999999","830800086","99900742","","","","","",""
"1","C","8","30","800087","33","４枚以外の枚数を算定する理由（体表面用電場電極　（１）膠芽腫用）；","20","4ﾏｲｲｶﾞｲﾉﾏｲｽｳｦｻﾝﾃｲｽﾙﾘ","0","0","0","0","0","0","0","0","0","0","1","20260601","99999999","830800087","99900743","","","","","",""
"1","C","8","30","800088","34","治療が最適であると判断した評価内容（経皮的僧帽弁クリップシステム）；","20","ﾁﾘｮｳｶﾞｻｲﾃｷﾃﾞｱﾙﾄﾊﾝﾀﾞﾝ","0","0","0","0","0","0","0","0","0","0","1","20260601","99999999","830800088","99900744","","","","","",""
"1","C","8","30","800089","42","ハイドロゲル型の対象となる理由（放射線治療用合成吸収性材料　（１）ハイドロゲル型）；","20","ﾊｲﾄﾞﾛｹﾞﾙｶﾞﾀﾉﾀｲｼｮｳﾄﾅﾙ","0","0","0","0","0","0","0","0","0","0","1","20260601","99999999","830800089","99900745","","","","","",""
"1","C","8","30","800090","32","（交換時のみ記載）交換する医学的必要性（横隔神経電気刺激装置）；","20","ｺｳｶﾝｼﾞﾉﾐｷｻｲｺｳｶﾝｽﾙｲｶﾞ","0","0","0","0","0","0","0","0","0","0","1","20260601","99999999","830800090","99900746","","","","","",""
"1","C","8","30","800091","28","使用する理由及び医学的根拠（経皮的左心耳閉鎖システム）；","20","ｼﾖｳｽﾙﾘﾕｳｵﾖﾋﾞｲｶﾞｸﾃｷｺﾝ","0","0","0","0","0","0","0","0","0","0","1","20260601","99999999","830800091","99900747","","","","","",""
"1","C","8","30","800092","25","使用する医学的根拠（経皮的卵円孔開存閉鎖セット）；","15","ｼﾖｳｽﾙｲｶﾞｸﾃｷｺﾝｷｮ","0","0","0","0","0","0","0","0","0","0","1","20260601","99999999","830800092","99900748","","","","","",""
"1","C","8","30","800093","24","使用する理由及び医学的根拠（人工顎関節用材料）；","20","ｼﾖｳｽﾙﾘﾕｳｵﾖﾋﾞｲｶﾞｸﾃｷｺﾝ","0","0","0","0","0","0","0","0","0","0","1","20260601","99999999","830800093","99900749","","","","","",""
"1","C","8","30","800094","30","１月あたり６０個を超えて算定する医学的必要性（人工鼻材料）；","20","1ﾂｷｱﾀﾘ60ｺｦｺｴﾃｻﾝﾃｲｽﾙｲ","0","0","0","0","0","0","0","0","0","0","1","20260601","99999999","830800094","99900750","","","","","",""
"1","C","8","30","800095","43","１月あたり３０枚を超えて算定する医学的必要性（人工鼻材料（２）接続用材料・シール型）；","20","1ﾂｷｱﾀﾘ30ﾏｲｦｺｴﾃｻﾝﾃｲｽﾙ","0","0","0","0","0","0","0","0","0","0","1","20260601","99999999","830800095","99900751","","","","","",""
"1","C","8","30","800096","31","使用する理由及び医学的根拠（植込型骨導補聴器（直接振動型））；","20","ｼﾖｳｽﾙﾘﾕｳｵﾖﾋﾞｲｶﾞｸﾃｷｺﾝ","0","0","0","0","0","0","0","0","0","0","1","20260601","99999999","830800096","99900752","","","","","",""
"1","C","8","30","800097","40","使用する医学的必要性（消化器内視鏡用止血材（１）ペプチド由来吸収性局所止血材）；","17","ｼﾖｳｽﾙｲｶﾞｸﾃｷﾋﾂﾖｳｾｲ","0","0","0","0","0","0","0","0","0","0","1","20260601","99999999","830800097","99900753","","","","","",""
"1","C","8","30","800098","49","４ｍｌを超える量を使用する医学的必要性（消化器内視鏡用止血材（１）ペプチド由来吸収性局所止血材）；","20","4mlｦｺｴﾙﾘｮｳｦｼﾖｳｽﾙｲｶﾞｸ","0","0","0","0","0","0","0","0","0","0","1","20260601","99999999","830800098","99900754","","","","","",""
"1","C","8","30","800099","39","使用する医学的必要性（消化器内視鏡用止血材（２）鉱物由来非吸収性局所止血材）；","17","ｼﾖｳｽﾙｲｶﾞｸﾃｷﾎﾂﾖｳｾｲ","0","0","0","0","0","0","0","0","0","0","1","20260601","99999999","830800099","99900755","","","","","",""
"1","C","8","30","800100","48","２０ｇを超える量を使用する医学的必要性（消化器内視鏡用止血材（２）鉱物由来非吸収性局所止血材）；","20","20gｦｺｴﾙﾘｮｳｦｼﾖｳｽﾙｲｶﾞｸ","0","0","0","0","0","0","0","0","0","0","1","20260601","99999999","830800100","99900756","","","","","",""
"1","C","8","30","800101","41","使用する医学的必要性（消化器内視鏡用止血材（３）アミノ酸由来非吸収性局所止血材）；","17","ｼﾖｳｽﾙｲｶﾞｸﾃｷﾋﾂﾖｳｾｲ","0","0","0","0","0","0","0","0","0","0","1","20260601","99999999","830800101","99900757","","","","","",""
"1","C","8","30","800102","49","３ｇを超える量を使用する医学的必要性（消化器内視鏡用止血材（３）アミノ酸由来非吸収性局所止血材）；","20","3gｦｺｴﾙﾘｮｳｦｼﾖｳｽﾙｲｶﾞｸﾃ","0","0","0","0","0","0","0","0","0","0","1","20260601","99999999","830800102","99900758","","","","","",""
"1","C","8","30","800103","33","０．３ｇを超える量を使用する医学的必要性（脳神経減圧術用補綴材）；","20","0.3gｦｺｴﾙﾘｮｳｦｼﾖｳｽﾙｲｶﾞ","0","0","0","0","0","0","0","0","0","0","1","20260601","99999999","830800103","99900759","","","","","",""
"1","C","8","30","800104","32","他の外科手術が困難な理由及び前立腺体積（前立腺用インプラント）；","20","ﾀﾉｹﾞｶｼｭｼﾞｭﾂｶﾞｺﾝﾅﾝﾅﾘﾕ","0","0","0","0","0","0","0","0","0","0","1","20260601","99999999","830800104","99900760","","","","","",""
"1","C","8","30","800105","27","５個以上使用する医学的必要性（前立腺用インプラント）；","20","5ｺｲｼﾞｮｳｼﾖｳｽﾙｲｶﾞｸﾃｷﾋﾂ","0","0","0","0","0","0","0","0","0","0","1","20260601","99999999","830800105","99900761","","","","","",""
"1","C","8","30","800106","34","使用する必要がある理由及び既存療法の結果（ヒト羊膜使用創傷被覆材）；","20","ｼﾖｳｽﾙﾋﾂﾖｳｶﾞｱﾙﾘﾕｳｵﾖﾋﾞ","0","0","0","0","0","0","0","0","0","0","1","20260601","99999999","830800106","99900762","","","","","",""
"1","C","8","30","800107","41","使用する医療上の必要性及び受傷面積等を含めた症状詳記（自家皮膚細胞移植用キット）；","20","ｼﾖｳｽﾙｲﾘｮｳｼﾞｮｳﾉﾋﾂﾖｳｾｲ","0","0","0","0","0","0","0","0","0","0","1","20260601","99999999","830800107","99900763","","","","","",""
"1","C","8","30","800108","32","２個以上使用する医学的必要性（経消化管胆道ドレナージステント）；","20","2ｺｲｼﾞｮｳｼﾖｳｽﾙｲｶﾞｸﾃｷﾋﾂ","0","0","0","0","0","0","0","0","0","0","1","20260601","99999999","830800108","99900764","","","","","",""
"1","C","8","30","800109","28","使用する医学的な根拠（前立腺組織用高圧水噴射システム）；","16","ｼﾖｳｽﾙｲｶﾞｸﾃｷﾅｺﾝｷｮ","0","0","0","0","0","0","0","0","0","0","1","20260601","99999999","830800109","99900765","","","","","",""
"1","C","8","30","800110","24","５個以上使用する医学的な根拠（気管支用バルブ）；","20","5ｺｲｼﾞｮｳｼﾖｳｽﾙｲｶﾞｸﾃｷﾅｺ","0","0","0","0","0","0","0","0","0","0","1","20260601","99999999","830800110","99900766","","","","","",""
"1","C","8","30","800111","41","肺切除術又は胸腔鏡下肺切除術が適応とならない又は実施困難な理由（気管支用バルブ）；","20","ﾊｲｾﾂｼﾞｮｼﾞｭﾂﾏﾀﾊｷｮｳｸｳｷ","0","0","0","0","0","0","0","0","0","0","1","20260601","99999999","830800111","99900767","","","","","",""
"1","C","8","30","800112","47","使用する前の患眼の最良矯正視力及び角膜内皮細胞密度（培養ヒト角膜内皮細胞・調製・移植キット）；","20","ｼﾖｳｽﾙﾏｴﾉｶﾝｶﾞﾝﾉｻｲﾘｮｳｷ","0","0","0","0","0","0","0","0","0","0","1","20260601","99999999","830800112","99900768","","","","","",""
"1","C","8","30","800113","32","弁置換術が適応とならない医学的な理由（弁周囲欠損孔閉鎖セット）；","20","ﾍﾞﾝﾁｶﾝｼﾞｭﾂｶﾞﾃｷｵｳﾄﾅﾗﾅ","0","0","0","0","0","0","0","0","0","0","1","20260601","99999999","830800113","99900769","","","","","",""
"1","C","8","30","800114","29","使用する医学的必要性（薬剤溶出型吸収性副鼻腔用ステント）；","17","ｼﾖｳｽﾙｲｶﾞｸﾃｷﾋﾂﾖｳｾｲ","0","0","0","0","0","0","0","0","0","0","1","20260601","99999999","830800114","99900770","","","","","",""
"1","C","8","30","800115","33","３個以上使用する医学的必要性（薬剤溶出型吸収性副鼻腔用ステント）；","20","3ｺｲｼﾞｮｳｼﾖｳｽﾙｲｶﾞｸｳﾃｷﾋ","0","0","0","0","0","0","0","0","0","0","1","20260601","99999999","830800115","99900771","","","","","",""
"1","C","8","30","800116","23","使用する医学的必要性（上腕静脈用カテーテル）；","17","ｼﾖｳｽﾙｲｶﾞｸﾃｷﾋﾂﾖｳｾｲ","0","0","0","0","0","0","0","0","0","0","1","20260601","99999999","830800116","99900772","","","","","",""
"1","C","8","30","800117","36","使用する医療上の必要性及び軟骨欠損面積等を含めた症状詳記（軟骨修復材）；","20","ｼﾖｳｽﾙｲﾘｮｳｼﾞｮｳﾉﾋﾂﾖｳｾｲ","0","0","0","0","0","0","0","0","0","0","1","20260601","99999999","830800117","99900773","","","","","",""
"1","C","8","30","800118","32","使用する医学的必要性（冷凍アブレーション用バルーンカテーテル）；","17","ｼﾖｳｽﾙｲｶﾞｸﾃｷﾋﾂﾖｳｾｲ","0","0","0","0","0","0","0","0","0","0","1","20260601","99999999","830800118","99900774","","","","","",""
"1","C","8","30","800119","29","３個以上使用する医学的必要性（腎神経焼灼術用カテーテル）；","20","3ｺｲｼﾞｮｳｼﾖｳｽﾙｲｶﾞｸﾃｷﾋﾂ","0","0","0","0","0","0","0","0","0","0","1","20260601","99999999","830800119","99900775","","","","","",""
"1","C","8","30","800120","31","３個以上使用する医学的必要性（経皮的三尖弁クリップシステム）；","20","3ｺｲｼﾞｮｳｼﾖｳｽﾙｲｶﾞｸﾃｷﾋﾂ","0","0","0","0","0","0","0","0","0","0","1","20260601","99999999","830800120","99900776","","","","","",""
"1","C","8","30","800121","43","用いた治療が最適であると判断した評価内容及び症状詳記（経皮的三尖弁クリップシステム）；","20","ﾓﾁｲﾀﾁﾘｮｳｶﾞｻｲﾃｷﾃﾞｱﾙﾄﾊ","0","0","0","0","0","0","0","0","0","0","1","20260601","99999999","830800121","99900777","","","","","",""
"1","C","8","30","800122","35","１症状詳記（中心静脈用カテーテル（１）　中心静脈カテーテル・抗菌型）；","12","1ｼｮｳｼﾞｮｳｼｮｳｷ","0","0","0","0","0","0","0","0","0","0","1","20260601","99999999","830800122","99900778","","","","","",""
"1","C","8","30","800123","42","３対象患者のアレルギー歴（中心静脈用カテーテル（１）　中心静脈カテーテル・抗菌型）；","20","3ﾀｲｼｮｳｶﾝｼﾞｬﾉｱﾚﾙｷﾞｰﾚｷ","0","0","0","0","0","0","0","0","0","0","1","20260601","99999999","830800123","99900779","","","","","",""
"1","C","8","30","800125","26","１０ｍＬを超える量を使用する理由（口腔粘膜保護材）；","20","10mLｦｺｴﾙﾘｮｳｦｼﾖｳｽﾙﾘﾕｳ","0","0","0","0","0","0","0","0","0","0","1","20260601","99999999","830800125","99900781","","","","","",""
"1","C","8","30","800126","27","８本を超えて算定する理由（半導体レーザー用プローブ）；","16","8ﾎﾝｦｺｴﾃｻﾝﾃｲｽﾙﾘﾕｳ","0","0","0","0","0","0","0","0","0","0","1","20260601","99999999","830800126","99900782","","","","","",""
"1","C","8","30","800131","51","同一箇所に対して２回以上移植した医学的理由（ヒト自家移植組織（１）　自家培養表皮・調整・移植キット）；","20","ﾄﾞｳｲﾂｶｼｮﾆﾀｲｼﾃ2ｶｲｲｼﾞｮ","0","0","0","0","0","0","0","0","0","0","1","20260601","99999999","830800131","99900715","","","","","",""
"1","C","8","30","800132","34","移植箇所（ヒト自家移植組織（１）　自家培養表皮・調整・移植キット）；","7","ｲｼｮｸｶｼｮ","0","0","0","0","0","0","0","0","0","0","1","20260601","99999999","830800132","99900716","","","","","",""
"1","C","8","30","800133","32","４　使用する医療上の必要性（経皮的血管形成術用穿刺部止血材料）；","20","4ｼﾖｳｽﾙｲﾖｳｼﾞｮｳﾉﾋﾂﾖｳｾｲ","0","0","0","0","0","0","0","0","0","0","1","20260601","99999999","830800133","99900676","","","","","",""
"3","C","8","30","900002","30","３週間を超えて算定する詳細な理由（非固着性シリコンガーゼ）；","20","3ｼｭｳｶﾝｦｺｴﾃｻﾝﾃｲｽﾙｼｮｳｻ","0","0","0","0","0","0","0","0","0","0","1","20260601","99999999","830900002","99990784","","","","","",""
"3","C","8","30","900003","38","前回算定日を起算日として３か月以内に算定する詳細な理由（水循環回路セット）；","20","ｾﾞﾝｶｲｻﾝﾃｲﾋﾞｦｷｻﾝﾋﾞﾄｼﾃ","0","0","0","0","0","0","0","0","0","0","1","20260601","99999999","830900003","99990656","","","","","",""
"3","C","8","30","900004","25","２個以上算定する詳細な理由（膀胱瘻用カテーテル）；","20","2ｺｲｼﾞｮｳｻﾝﾃｲｽﾙｼｮｳｻｲﾅﾘ","0","0","0","0","0","0","0","0","0","0","1","20260601","99999999","830900004","99990657","","","","","",""
"3","C","8","30","900005","35","３週間を超えて算定する理由及び医学的な根拠（局所陰圧閉鎖処置用材料）；","20","3ｼｭｳｶﾝｦｺｴﾃｻﾝﾃｲｽﾙﾘﾕｳｵ","0","0","0","0","0","0","0","0","0","0","1","20260601","99999999","830900005","99990732","","","","","",""
"3","C","8","30","900006","25","６０個を超えて算定する医学的必要性（人工鼻材料）；","20","60ｺｦｺｴﾃｻﾝﾃｲｽﾙｲｶﾞｸﾃｷﾋ","0","0","0","0","0","0","0","0","0","0","1","20260601","99999999","830900006","99990785","","","","","",""
"3","C","8","30","900007","41","３０枚を超えて算定する医学的必要性（人工鼻材料（（２）　接続用材料・シール型））；","20","30ﾏｲｦｺｴﾃｻﾝﾃｲｽﾙｲｶﾞｸﾃｷ","0","0","0","0","0","0","0","0","0","0","1","20260601","99999999","830900007","99990786","","","","","",""
"3","C","8","30","900008","34","４枚以外の枚数を算定する理由（体表面用電場電極（（１）膠芽腫用））；","20","4ﾏｲｲｶﾞｲﾉﾏｲｽｳｦｻﾝﾃｲｽﾙﾘ","0","0","0","0","0","0","0","0","0","0","1","20260601","99999999","830900008","99990661","","","","","",""
"3","C","8","30","900009","50","遠位端可動型治療用を使用する医学的な根拠（血管造影用マイクロカテーテル（３）　遠位端可動型治療用）；","20","ｴﾝｲﾀﾝｶﾄﾞｳｶﾞﾀﾁﾘｮｳﾖｳｦｼ","0","0","0","0","0","0","0","0","0","0","1","20260601","99999999","830900009","99990662","","","","","",""
"3","C","8","30","900010","77","重症慢性閉塞性肺疾患（ＣＯＰＤ）患者に対する気管支バルブの留置による治療を実施する医学的な根拠（血管造影用マイクロカテーテル（４）　気管支バルブ治療用）；","20","ｼﾞｭｳｼｮｳﾏﾝｾｲﾍｲｿｸｾｲﾊｲｼ","0","0","0","0","0","0","0","0","0","0","1","20260601","99999999","830900010","99990663","","","","","",""
"3","C","8","30","900011","35","１　症状詳記（中心静脈用カテーテル（１）中心静脈カテーテル　抗菌型）；","12","1ｼｮｳｼﾞｮｳｼｮｳｷ","0","0","0","0","0","0","0","0","0","0","1","20260601","99999999","830900011","99990664","","","","","",""
"3","C","8","30","900012","42","３　対象患者のアレルギー歴（中心静脈用カテーテル（１）中心静脈カテーテル　抗菌型）；","20","3ﾀｲｼｮｳｶﾝｼﾞｬﾉｱﾚﾙｷﾞｰﾚｷ","0","0","0","0","0","0","0","0","0","0","1","20260601","99999999","830900012","99990665","","","","","",""
"3","C","8","30","900014","26","２個以上算定する詳細な理由（腎瘻又は膀胱瘻用材料）；","20","2ｺｲｼﾞｮｳｻﾝﾃｲｽﾙｼｮｳｻｲﾅﾘ","0","0","0","0","0","0","0","0","0","0","1","20260601","99999999","830900014","99990667","","","","","",""
"3","C","8","30","900015","37","２個以上算定する詳細な理由（経皮的又は経内視鏡的胆管等ドレナージ用材料）；","20","2ｺｲｼﾞｮｳｻﾝﾃｲｽﾙｼｮｳｻｲﾅﾘ","0","0","0","0","0","0","0","0","0","0","1","20260601","99999999","830900015","99990668","","","","","",""
"3","C","8","30","900016","46","１０歳以上の患者に対して使用した医学的理由（脊椎固定用材料（６）脊椎スクリュー（伸展型））；","20","10ｻｲｲｼﾞｮｳﾉｶﾝｼﾞｬﾆﾀｲｼﾃ","0","0","0","0","0","0","0","0","0","0","1","20260601","99999999","830900016","99990669","","","","","",""
"3","C","8","30","900017","22","詳細な理由（人工肩関節用材料（３）切換用）；","9","ｼｮｳｻｲﾅﾘﾕｳ","0","0","0","0","0","0","0","0","0","0","1","20260601","99999999","830900017","99990670","","","","","",""
"3","C","8","30","900018","20","詳細な理由（上肢再建用人工関節用材料）；","9","ｼｮｳｻｲﾅﾘﾕｳ","0","0","0","0","0","0","0","0","0","0","1","20260601","99999999","830900018","99990671","","","","","",""
"3","C","8","30","900019","20","詳細な理由（下肢再建用人工関節用材料）；","9","ｼｮｳｻｲﾅﾘﾕｳ","0","0","0","0","0","0","0","0","0","0","1","20260601","99999999","830900019","99990672","","","","","",""
"3","C","8","30","900020","73","カスタムメイド人工関節、カスタムメイド人工骨又はカスタムメイド人工骨プレートを用いる詳細な理由（カスタムメイド人工関節及びカスタムメイド人工骨）；","17","ｶｽﾀﾑﾒｲﾄﾞｼﾞﾝｺｳｶﾝｾﾂ","0","0","0","0","0","0","0","0","0","0","1","20260601","99999999","830900020","99990673","","","","","",""
"3","C","8","30","900021","31","人工内耳用材料の交換を実施する医学的必要性（人工内耳用材料）；","20","ｼﾞﾝｺｳﾅｲｼﾞﾖｳｻﾞｲﾘｮｳﾉｺｳ","0","0","0","0","0","0","0","0","0","0","1","20260601","99999999","830900021","99990674","","","","","",""
"3","C","8","30","900022","53","永久留置型・特殊型を算定する理由及び医学的な根拠（気管・気管支・大静脈ステント（２）永久留置型・特殊型）；","20","ｴｲｷｭｳﾘｭｳﾁｶﾞﾀ･ﾄｸｼｭｶﾞﾀ","0","0","0","0","0","0","0","0","0","0","1","20260601","99999999","830900022","99990675","","","","","",""
"3","C","8","30","900023","49","前回算定日を起算日として３か月以内に算定する詳細な理由（補助人工心臓セット（１）体外型・小児用）；","20","ｾﾞﾝｶｲｻﾝﾃｲﾋﾞｦｷｻﾝﾋﾞﾄｼﾃ","0","0","0","0","0","0","0","0","0","0","1","20260601","99999999","830900023","99990677","","","","","",""
"3","C","8","30","900024","45","植え込み後に再度植え込む必要が生じた理由（補助人工心臓セット（２）植込型（非拍動流型））；","20","ｳｴｺﾐｺﾞﾆｻｲﾄﾞｳｴｺﾑﾋﾂﾖｳｶ","0","0","0","0","0","0","0","0","0","0","1","20260601","99999999","830900024","99990678","","","","","",""
"3","C","8","30","900025","50","前回算定日を起算日として３か月以内に算定する詳細な理由（補助人工心臓セット（３）水循環回路セット）；","20","ｾﾞﾝｶｲｻﾝﾃｲﾋﾞｦｷｻﾝﾋﾞﾄｼﾃ","0","0","0","0","0","0","0","0","0","0","1","20260601","99999999","830900025","99990679","","","","","",""
"3","C","8","30","900026","40","使用する医療上の必要性（ガイディングカテーテル（２）脳血管用・高度屈曲対応型）；","20","ｼﾖｳｽﾙｲﾘｮｳｼﾞｮｳﾉﾋﾂﾖｳｾｲ","0","0","0","0","0","0","0","0","0","0","1","20260601","99999999","830900026","99990680","","","","","",""
"3","C","8","30","900027","45","脳血管用・紡錘型を使用する医療上の必要性（ガイディングカテーテル（２）脳血管用・紡錘型）；","20","ﾉｳｹｯｶﾝﾖｳ･ﾎﾞｳｽｲｶﾞﾀｦｼﾖ","0","0","0","0","0","0","0","0","0","0","1","20260601","99999999","830900027","99990681","","","","","",""
"3","C","8","30","900028","57","脳血管用・橈骨動脈穿刺対応型を使用する医療上の必要性（ガイディングカテーテル（２）脳血管用・橈骨動脈穿刺対応型）；","20","ﾉｳｹｯｶﾝﾖｳ･ﾄｳｺﾂﾄﾞｳﾐｬｸｾ","0","0","0","0","0","0","0","0","0","0","1","20260601","99999999","830900028","99990682","","","","","",""
"3","C","8","30","900029","49","脳血管用・自己拡張型を使用する医療上の必要性（ガイディングカテーテル（２）脳血管用・自己拡張型）；","20","ﾉｳｹｯｶﾝﾖｳ･ｼﾞｺｶｸﾁｮｳｶﾞﾀ","0","0","0","0","0","0","0","0","0","0","1","20260601","99999999","830900029","99990683","","","","","",""
"3","C","8","30","900030","39","分枝血管用を使用する医療上の必要性（ガイディングカテーテル（５）分枝血管用）；","20","ﾌﾞﾝｼｹｯｶﾝﾖｳｦｼﾖｳｽﾙｲﾘｮｳ","0","0","0","0","0","0","0","0","0","0","1","20260601","99999999","830900030","99990684","","","","","",""
"3","C","8","30","900031","55","３個以上使用する医学的必要性（血管内手術用カテーテル（２）末梢血管用ステントセット・生体吸収・再狭窄抑制型）；","20","3ｺｲｼﾞｮｳｼﾖｳｽﾙｲｶﾞｸﾃｷﾋﾂ","0","0","0","0","0","0","0","0","0","0","1","20260601","99999999","830900031","99990685","","","","","",""
"3","C","8","30","900032","48","使用した理由及び症状詳記（血管内手術用カテーテル（３）ＰＴＡバルーンカテーテル・再狭窄抑制型）；","20","ｼﾖｳｼﾀﾘﾕｳｵﾖﾋﾞｼｮｳｼﾞｮｳｼ","0","0","0","0","0","0","0","0","0","0","1","20260601","99999999","830900032","99990686","","","","","",""
"3","C","8","30","900033","70","一般型バルーンカテーテルでは拡張が困難であると判断した医学的根拠（血管内手術用カテーテル（３）ＰＴＡバルーンカテーテル・ボディワイヤー型）；","20","ｲｯﾊﾟﾝｶﾞﾀﾊﾞﾙｰﾝｶﾃｰﾃﾙﾃﾞ","0","0","0","0","0","0","0","0","0","0","1","20260601","99999999","830900033","99990687","","","","","",""
"3","C","8","30","900034","83","頸動脈用ステント併用型・経頸動脈型を使用する医療上の必要性（血管内手術用カテーテル（７）血管内血栓異物除去用留置カテーテル　・頸動脈用ステント併用型　エ経頸動脈型）；","20","ｹｲﾄﾞｳﾐｬｸﾖｳｽﾃﾝﾄﾍｲﾖｳｶﾞ","0","0","0","0","0","0","0","0","0","0","1","20260601","99999999","830900034","99990688","","","","","",""
"3","C","8","30","900035","85","リード一体型ペースメーカー抜去用カテーテルを使用する医療上の必要性（血管内手術用カテーテル（８）血管内異物除去用カテーテル・リード一体型ペースメーカー抜去用カテーテル）；","20","ﾘｰﾄﾞｲｯﾀｲｶﾞﾀﾍﾟｰｽﾒｰｶｰﾊ","0","0","0","0","0","0","0","0","0","0","1","20260601","99999999","830900035","99990689","","","","","",""
"3","C","8","30","900036","52","経皮的血管形成術前の患者の病変部の所見（血管内手術用カテーテル（１６）下肢動脈狭窄部貫通用カテーテル）；","20","ｹｲﾋﾃｷｹｯｶﾝｹｲｾｲｼﾞｭﾂﾏｴﾉ","0","0","0","0","0","0","0","0","0","0","1","20260601","99999999","830900036","99990690","","","","","",""
"3","C","8","30","900037","44","使用する医療上の必要性（血管内手術用カテーテル（１６）下肢動脈狭窄部貫通用カテーテル）；","20","ｼﾖｳｽﾙｲﾘｮｳｼﾞｮｳﾉﾋﾂﾖｳｾｲ","0","0","0","0","0","0","0","0","0","0","1","20260601","99999999","830900037","99990691","","","","","",""
"3","C","8","30","900038","45","患者の血管病変部の所見（直径を含む。）（血管内手術用カテーテル（１７）血管塞栓用プラグ）；","20","ｶﾝｼﾞｬﾉｹｯｶﾝﾋﾞｮｳﾍﾝﾌﾞﾉｼ","0","0","0","0","0","0","0","0","0","0","1","20260601","99999999","830900038","99990692","","","","","",""
"3","C","8","30","900039","52","２個以上使用する医学的必要性（血管内手術用カテーテル（２１）脳動脈瘤治療用フローダイバーターシステム）；","20","2ｺｲｼﾞｮｳｼﾖｳｽﾙｲｶﾞｸﾃｷﾋﾂ","0","0","0","0","0","0","0","0","0","0","1","20260601","99999999","830900039","99990693","","","","","",""
"3","C","8","30","900040","84","大動脈分岐部用フィルターセットの使用が適切であると判断した医学的根拠（血管病変部の画像所見等を含む。）（血管内手術用カテーテル（２３）大動脈分岐部用フィルターセット）；","20","ﾀﾞｲﾄﾞｳﾐｬｸﾌﾞﾝｷﾌﾞﾌｨﾙﾀｰ","0","0","0","0","0","0","0","0","0","0","1","20260601","99999999","830900040","99990694","","","","","",""
"3","C","8","30","900041","36","１６歳以上の患者に対して使用する医学的理由（人工血管（３）短期使用型）；","20","16ｻｲｲｼﾞｮｳﾉｶﾝｼﾞｬyﾆﾀｲｼ","0","0","0","0","0","0","0","0","0","0","1","20260601","99999999","830900041","99990695","","","","","",""
"3","C","8","30","900042","25","症状詳記（両室ペーシング機能付き植込型除細動器）；","11","ｼｮｳｼﾞｮｳｼｮｳｷ","0","0","0","0","0","0","0","0","0","0","1","20260601","99999999","830900042","99990696","","","","","",""
"3","C","8","30","900043","54","外科手術が第一選択とならない旨（大動脈用ステントグラフト（１）腹部大動脈用ステントグラフト（メイン部分））；","20","ｹﾞｶｼｭｼﾞｭﾂｶﾞﾀﾞｲｲﾁｾﾝﾀｸ","0","0","0","0","0","0","0","0","0","0","1","20260601","99999999","830900043","99990697","","","","","",""
"3","C","8","30","900044","48","治療が適応となる旨（大動脈用ステントグラフト（１）腹部大動脈用ステントグラフト（メイン部分））；","15","ﾁﾘｮｳｶﾞﾃｷｵｳﾄﾅﾙﾑﾈ","0","0","0","0","0","0","0","0","0","0","1","20260601","99999999","830900044","99990698","","","","","",""
"3","C","8","30","900045","65","１回の手術に対して複数個算定する医学的必要性（大動脈用ステントグラフト（１）腹部大動脈用ステントグラフト（メイン部分）・標準型）；","20","1ｶｲﾉｼｭｼﾞｭﾂﾆﾀｲｼﾃﾌｸｽｳｺ","0","0","0","0","0","0","0","0","0","0","1","20260601","99999999","830900045","99990699","","","","","",""
"3","C","8","30","900046","60","１回の手術に対して複数個算定する医学的必要性（大動脈用ステントグラフト（２）腹部大動脈用ステントグラフト（補助部分））；","20","1ｶｲﾉｼｭｼﾞｭﾂﾆﾀｲｼﾃﾌｸｽｳｺ","0","0","0","0","0","0","0","0","0","0","1","20260601","99999999","830900046","99990700","","","","","",""
"3","C","8","30","900047","52","複数個の治療が適応となる旨（大動脈用ステントグラフト（３）胸部大動脈用ステントグラフト（メイン部分））；","20","ﾌｸｽｳｺﾉﾁﾘｮｳｶﾞﾃｷｵｳﾄﾅﾙﾑ","0","0","0","0","0","0","0","0","0","0","1","20260601","99999999","830900047","99990701","","","","","",""
"3","C","8","30","900048","62","使用した部位の主要分岐血管名（大動脈用ステントグラフト（３）胸部大動脈用ステントグラフト（メイン部分）・血管分岐部対応型）；","20","ｼﾖｳｼﾀﾌﾞｲﾉｼｭﾖｳﾌﾞﾝｷｹｯｶ","0","0","0","0","0","0","0","0","0","0","1","20260601","99999999","830900048","99990702","","","","","",""
"3","C","8","30","900049","55","治療が適応となる旨（大動脈用ステントグラフト（３）胸部大動脈用ステントグラフト（メイン部分）・中枢端可動型）；","15","ﾁﾘｮｳｶﾞﾃｷｵｳﾄﾅﾙﾑﾈ","0","0","0","0","0","0","0","0","0","0","1","20260601","99999999","830900049","99990703","","","","","",""
"3","C","8","30","900050","81","（複数個使用する場合のみ記載）複数個の当該材料による治療が適応となる旨（大動脈用ステントグラフト（３）胸部大動脈用ステントグラフト（メイン部分）・中枢端可動型）；","20","ﾌｸｽｳｺﾉﾄｳｶﾞｲｻﾞｲﾘｮｳﾆﾖﾙ","0","0","0","0","0","0","0","0","0","0","1","20260601","99999999","830900050","99990704","","","","","",""
"3","C","8","30","900051","62","当該材料による治療が適応となる旨（大動脈用ステントグラフト（３）胸部大動脈用ステントグラフト（メイン部分）・中枢端可動型）；","20","ﾄｳｶﾞｲｻﾞｲﾘｮｳﾆﾖﾙﾁﾘｮｳｶﾞ","0","0","0","0","0","0","0","0","0","0","1","20260601","99999999","830900051","99990705","","","","","",""
"3","C","8","30","900052","74","（複数個使用する場合のみ記載）複数個の治療が適応となる旨（大動脈用ステントグラフト（３）胸部大動脈用ステントグラフト（メイン部分）・中枢端可動型）；","20","ﾌｸｽｳｺﾉﾁﾘｮｳｶﾞﾃｷｵｳﾄﾅﾙﾑ","0","0","0","0","0","0","0","0","0","0","1","20260601","99999999","830900052","99990706","","","","","",""
"3","C","8","30","900053","61","複数個の治療が適応となる旨（大動脈用ステントグラフト（４）胸部大動脈用ステントグラフト（補助部分）・分枝血管部分連結型）；","20","ﾌｸｽｳｺﾉﾁﾘｮｳｶﾞﾃｷｵｳﾄﾅﾙﾑ","0","0","0","0","0","0","0","0","0","0","1","20260601","99999999","830900053","99990707","","","","","",""
"3","C","8","30","900054","53","複数個の治療が適応となる旨（大動脈用ステントグラフト（５）大動脈解離用ステントグラフト（ベアステント））；","20","ﾌｸｽｳｺﾉﾁﾘｮｳｶﾞﾃｷｵｳﾄﾅﾙﾑ","0","0","0","0","0","0","0","0","0","0","1","20260601","99999999","830900054","99990708","","","","","",""
"3","C","8","30","900055","54","複数個の治療が適応となる旨（大動脈用ステントグラフト　（６）胸部大動脈用ステントグラフト（分枝血管部分））；","20","ﾌｸｽｳｺﾉﾁﾘｮｳｶﾞﾃｷｵｳﾄﾅﾙﾑ","0","0","0","0","0","0","0","0","0","0","1","20260601","99999999","830900055","99990709","","","","","",""
"3","C","8","30","900056","56","血管内超音波プローブと血管内光断層撮影用カテーテルを同時に使用する医学的必要性（血管内光断層撮影用カテーテル）；","20","ｹｯｶﾝﾅｲﾁｮｳｵﾝﾊﾟﾌﾟﾛｰﾌﾞﾄ","0","0","0","0","0","0","0","0","0","0","1","20260601","99999999","830900056","99990710","","","","","",""
"3","C","8","30","900057","54","４０枚を超えて使用する医学的必要性（ヒト自家移植組織　（１）　自家培養表皮（重症熱傷に対し使用する場合））；","20","40ﾏｲｦｺｴﾃｼﾖｳｽﾙｲｶﾞｸﾃｷﾋ","0","0","0","0","0","0","0","0","0","0","1","20260601","99999999","830900057","99990711","","","","","",""
"3","C","8","30","900058","41","症状詳記（ヒト自家移植組織　（１）　自家培養表皮（重症熱傷に対し使用する場合））；","11","ｼｮｳｼﾞｮｳｼｮｳｷ","0","0","0","0","0","0","0","0","0","0","1","20260601","99999999","830900058","99990712","","","","","",""
"3","C","8","30","900059","47","症状詳記（ヒト自家移植組織　（１）　自家培養表皮（先天性巨大色素性母斑に対し使用する場合））；","11","ｼｮｳｼﾞｮｳｼｮｳｷ","0","0","0","0","0","0","0","0","0","0","1","20260601","99999999","830900059","99990713","","","","","",""
"3","C","8","30","900060","49","ｃ　治療間隔（ヒト自家移植組織　（１）　自家培養表皮（先天性巨大色素性母斑に対し使用する場合））；","9","cﾁﾘｮｳｶﾝｶｸ","0","0","0","0","0","0","0","0","0","0","1","20260601","99999999","830900060","99990714","","","","","",""
"3","C","8","30","900061","24","症状詳記（ヒト自家移植組織（１）自家培養表皮）；","11","ｼｮｳｼﾞｮｳｼｮｳｷ","0","0","0","0","0","0","0","0","0","0","1","20260601","99999999","830900061","99990717","","","","","",""
"3","C","8","30","900062","26","ｃ　治療間隔（ヒト自家移植組織（１）自家培養表皮）；","8","cﾁﾘｮｳｷｶﾝ","0","0","0","0","0","0","0","0","0","0","1","20260601","99999999","830900062","99990718","","","","","",""
"3","C","8","30","900064","48","使用する医療上の必要性及び軟骨欠損面積等を含めた症状詳記（ヒト自家移植組織（２）自家培養軟骨）；","20","ｼﾖｳｽﾙｲﾘｮｳｼﾞｮｳﾉﾋﾂﾖｳｾｲ","0","0","0","0","0","0","0","0","0","0","1","20260601","99999999","830900064","99990720","","","","","",""
"3","C","8","30","900065","44","角膜上皮幹細胞疲弊症の重症度を含めた症状詳記（ヒト自家移植組織（３）自家培養角膜上皮）；","20","ｶｸﾏｸｼﾞｮｳﾋｶﾝｻｲﾎﾞｳﾋﾍｲｼ","0","0","0","0","0","0","0","0","0","0","1","20260601","99999999","830900065","99990721","","","","","",""
"3","C","8","30","900066","46","角膜上皮幹細胞疲弊症の重症度を含めた症状詳記（ヒト自家移植組織（４）自家培養口腔粘膜上皮）；","20","ｶｸﾏｸｼﾞｮｳﾋｶﾝｻｲﾎﾞｳﾋﾍｲｼ","0","0","0","0","0","0","0","0","0","0","1","20260601","99999999","830900066","99990722","","","","","",""
"3","C","8","30","900067","56","角膜上皮幹細胞疲弊症の癒着スコアを含めた症状詳記（ヒト自家移植組織（５）ヒト羊膜基質使用自家培養口腔粘膜上皮）；","20","ｶｸﾏｸｼﾞｮｳﾋｶﾝｻｲﾎﾞｳﾋﾍｲｼ","0","0","0","0","0","0","0","0","0","0","1","20260601","99999999","830900067","99990723","","","","","",""
"3","C","8","30","900068","70","４０枚を超えて使用する医学的必要性（ヒト自家移植組織　（１）　自家培養表皮（非外科的治療が無効又は適応とならない白斑に対し使用する場合））；","20","40ﾏｲｦｺｴﾃｼﾖｳｽﾙｲｶﾞｸﾃｷﾋ","0","0","0","0","0","0","0","0","0","0","1","20260601","99999999","830900068","99990724","","","","","",""
"3","C","8","30","900069","80","医療上の必要性及び合併症等について患者に説明を行った旨（ヒト自家移植組織　（１）　自家培養表皮（非外科的治療が無効又は適応とならない白斑に対し使用する場合））；","20","ｲﾘｮｳｼﾞｮｳﾉﾋﾂﾖｳｾｲｵﾖﾋﾞｶ","0","0","0","0","0","0","0","0","0","0","1","20260601","99999999","830900069","99990725","","","","","",""
"3","C","8","30","900070","57","医学的理由（ヒト自家移植組織（１）　自家培養表皮（非外科的治療が無効又は適応とならない白斑に対し使用する場合））；","9","ｲｶﾞｸﾃｷﾘﾕｳ","0","0","0","0","0","0","0","0","0","0","1","20260601","99999999","830900070","99990726","","","","","",""
"3","C","8","30","900071","78","セット（肋骨間用、肋骨腰椎間用又は肋骨腸骨間用）を３セット以上を算定する医学的根拠（胸郭変形矯正用材料（１）肋骨間用（２）肋骨腰椎間用（３）肋骨腸骨間用）；","3","ｾｯﾄ","0","0","0","0","0","0","0","0","0","0","1","20260601","99999999","830900071","99990727","","","","","",""
"3","C","8","30","900072","95","部品連結用・横型を用いる場合であってセット（肋骨間用、肋骨腰椎間用又は肋骨腸骨間用）を２セット以上算定する医学的根拠（胸郭変形矯正用材料（１）肋骨間用（２）肋骨腰椎間用（３）肋骨腸骨間用）；","20","ﾌﾞﾋﾝﾚﾝｹﾂﾖｳ･ﾖｺｶﾞﾀｦﾓﾁｲ","0","0","0","0","0","0","0","0","0","0","1","20260601","99999999","830900072","99990728","","","","","",""
"3","C","8","30","900073","33","使用した患者の体重（経皮的動脈管閉鎖セット（２）動脈管内留置型）；","17","ｼﾖｳｼﾀｶﾝｼﾞｬﾉﾀｲｼﾞｭｳ","0","0","0","0","0","0","0","0","0","0","1","20260601","99999999","830900073","99990729","","","","","",""
"3","C","8","30","900074","37","使用する理由及び医学的根拠（経皮的動脈管閉鎖セット（２）動脈管内留置型）；","20","ｼﾖｳｽﾙﾘﾕｳｵﾖﾋﾞｲｶﾞｸﾃｷｺﾝ","0","0","0","0","0","0","0","0","0","0","1","20260601","99999999","830900074","99990730","","","","","",""
"3","C","8","30","900075","25","使用する理由及び医学的根拠（植込型心電図記録計）；","20","ｼﾖｳｽﾙﾘﾕｳｵﾖﾋﾞｲｶﾞｸﾃｷｺﾝ","0","0","0","0","0","0","0","0","0","0","1","20260601","99999999","830900075","99990731","","","","","",""
"3","C","8","30","900077","36","１回の手術で２セット以上使用する医療上の必要性（椎体形成用材料セット）；","20","1ｶｲﾉｼｭｼﾞｭﾂﾃﾞ2ｾｯﾄｲｼﾞｮ","0","0","0","0","0","0","0","0","0","0","1","20260601","99999999","830900077","99990733","","","","","",""
"3","C","8","30","900078","54","患者の平均骨導聴力レベル、植込型骨導補聴器を使用する必要がある理由、既存の治療の結果等（植込型骨導補聴器）；","20","ｶﾝｼﾞｬﾉﾍｲｷﾝｺﾂﾄﾞｳﾁｮｳﾘｮ","0","0","0","0","0","0","0","0","0","0","1","20260601","99999999","830900078","99990734","","","","","",""
"3","C","8","30","900079","18","症状詳記（気管支手術用カテーテル）；","11","ｼｮｳｼﾞｮｳｼｮｳｷ","0","0","0","0","0","0","0","0","0","0","1","20260601","99999999","830900079","99990735","","","","","",""
"3","C","8","30","900080","43","局所遺残再発食道癌に対し２本目を算定する場合の内視鏡所見（半導体レーザー用プローブ）；","20","ｷｮｸｼｮｲｻﾞﾝｻｲﾊﾂｼｮｸﾄﾞｳｶ","0","0","0","0","0","0","0","0","0","0","1","20260601","99999999","830900080","99990736","","","","","",""
"3","C","8","30","900081","58","切除不能な局所進行又は局所再発の頭頸部癌に対し一連の使用につき８本を超えて算定する理由（半導体レーザー用プローブ）；","20","ｾﾂｼﾞｮﾌﾉｳﾅｷｮｸｼｮｼﾝｺｳﾏﾀ","0","0","0","0","0","0","0","0","0","0","1","20260601","99999999","830900081","99990737","","","","","",""
"3","C","8","30","900082","32","人工中耳用材料を使用する理由及び医学的な根拠（人工中耳用材料）；","20","ｼﾞﾝｺｳﾁｭｳｼﾞﾖｳｻﾞｲﾘｮｳｦｼ","0","0","0","0","0","0","0","0","0","0","1","20260601","99999999","830900082","99990738","","","","","",""
"3","C","8","30","900083","44","末梢血管用ステントグラフトを使用する理由及び医学的な根拠（末梢血管用ステントグラフト）；","20","ﾏｯｼｮｳｹｯｶﾝﾖｳｽﾃﾝﾄｸﾞﾗﾌﾄ","0","0","0","0","0","0","0","0","0","0","1","20260601","99999999","830900083","99990739","","","","","",""
"3","C","8","30","900084","20","画像所見（末梢血管用ステントグラフト）；","9","ｶﾞｿﾞｳｼｮｹﾝ","0","0","0","0","0","0","0","0","0","0","1","20260601","99999999","830900084","99990740","","","","","",""
"3","C","8","30","900085","44","複数個の治療が適応となる旨（末梢血管用ステントグラフト（３）腹部大動脈分枝血管対応型）；","20","ﾌｸｽｳｺﾉﾁﾘｮｳｶﾞﾃｷｵｳﾄﾅﾙﾑ","0","0","0","0","0","0","0","0","0","0","1","20260601","99999999","830900085","99990741","","","","","",""
"3","C","8","30","900086","50","使用する医療上の必要性及び使用した日数を含めた症状詳記（補助循環用ポンプカテーテル（２）高流量型）；","20","ｼﾖｳｽﾙｲﾘｮｳｼﾞｮｳﾉﾋﾂﾖｳｾｲ","0","0","0","0","0","0","0","0","0","0","1","20260601","99999999","830900086","99990742","","","","","",""
"3","C","8","30","900087","33","４枚以外の枚数を算定する理由（体表面用電場電極　（１）膠芽腫用）；","20","4ﾏｲｲｶﾞｲﾉﾏｲｽｳｦｻﾝﾃｲｽﾙﾘ","0","0","0","0","0","0","0","0","0","0","1","20260601","99999999","830900087","99990743","","","","","",""
"3","C","8","30","900088","34","治療が最適であると判断した評価内容（経皮的僧帽弁クリップシステム）；","20","ﾁﾘｮｳｶﾞｻｲﾃｷﾃﾞｱﾙﾄﾊﾝﾀﾞﾝ","0","0","0","0","0","0","0","0","0","0","1","20260601","99999999","830900088","99990744","","","","","",""
"3","C","8","30","900089","42","ハイドロゲル型の対象となる理由（放射線治療用合成吸収性材料　（１）ハイドロゲル型）；","20","ﾊｲﾄﾞﾛｹﾞﾙｶﾞﾀﾉﾀｲｼｮｳﾄﾅﾙ","0","0","0","0","0","0","0","0","0","0","1","20260601","99999999","830900089","99990745","","","","","",""
"3","C","8","30","900090","32","（交換時のみ記載）交換する医学的必要性（横隔神経電気刺激装置）；","20","ｺｳｶﾝｼﾞﾉﾐｷｻｲｺｳｶﾝｽﾙｲｶﾞ","0","0","0","0","0","0","0","0","0","0","1","20260601","99999999","830900090","99990746","","","","","",""
"3","C","8","30","900091","28","使用する理由及び医学的根拠（経皮的左心耳閉鎖システム）；","20","ｼﾖｳｽﾙﾘﾕｳｵﾖﾋﾞｲｶﾞｸﾃｷｺﾝ","0","0","0","0","0","0","0","0","0","0","1","20260601","99999999","830900091","99990747","","","","","",""
"3","C","8","30","900092","25","使用する医学的根拠（経皮的卵円孔開存閉鎖セット）；","15","ｼﾖｳｽﾙｲｶﾞｸﾃｷｺﾝｷｮ","0","0","0","0","0","0","0","0","0","0","1","20260601","99999999","830900092","99990748","","","","","",""
"3","C","8","30","900093","24","使用する理由及び医学的根拠（人工顎関節用材料）；","20","ｼﾖｳｽﾙﾘﾕｳｵﾖﾋﾞｲｶﾞｸﾃｷｺﾝ","0","0","0","0","0","0","0","0","0","0","1","20260601","99999999","830900093","99990749","","","","","",""
"3","C","8","30","900094","30","１月あたり６０個を超えて算定する医学的必要性（人工鼻材料）；","20","1ﾂｷｱﾀﾘ60ｺｦｺｴﾃｻﾝﾃｲｽﾙｲ","0","0","0","0","0","0","0","0","0","0","1","20260601","99999999","830900094","99990750","","","","","",""
"3","C","8","30","900095","43","１月あたり３０枚を超えて算定する医学的必要性（人工鼻材料（２）接続用材料・シール型）；","20","1ﾂｷｱﾀﾘ30ﾏｲｦｺｴﾃｻﾝﾃｲｽﾙ","0","0","0","0","0","0","0","0","0","0","1","20260601","99999999","830900095","99990751","","","","","",""
"3","C","8","30","900096","31","使用する理由及び医学的根拠（植込型骨導補聴器（直接振動型））；","20","ｼﾖｳｽﾙﾘﾕｳｵﾖﾋﾞｲｶﾞｸﾃｷｺﾝ","0","0","0","0","0","0","0","0","0","0","1","20260601","99999999","830900096","99990752","","","","","",""
"3","C","8","30","900097","40","使用する医学的必要性（消化器内視鏡用止血材（１）ペプチド由来吸収性局所止血材）；","17","ｼﾖｳｽﾙｲｶﾞｸﾃｷﾋﾂﾖｳｾｲ","0","0","0","0","0","0","0","0","0","0","1","20260601","99999999","830900097","99990753","","","","","",""
"3","C","8","30","900098","49","４ｍｌを超える量を使用する医学的必要性（消化器内視鏡用止血材（１）ペプチド由来吸収性局所止血材）；","20","4mlｦｺｴﾙﾘｮｳｦｼﾖｳｽﾙｲｶﾞｸ","0","0","0","0","0","0","0","0","0","0","1","20260601","99999999","830900098","99990754","","","","","",""
"3","C","8","30","900099","39","使用する医学的必要性（消化器内視鏡用止血材（２）鉱物由来非吸収性局所止血材）；","17","ｼﾖｳｽﾙｲｶﾞｸﾃｷﾎﾂﾖｳｾｲ","0","0","0","0","0","0","0","0","0","0","1","20260601","99999999","830900099","99990755","","","","","",""
"3","C","8","30","900100","48","２０ｇを超える量を使用する医学的必要性（消化器内視鏡用止血材（２）鉱物由来非吸収性局所止血材）；","20","20gｦｺｴﾙﾘｮｳｦｼﾖｳｽﾙｲｶﾞｸ","0","0","0","0","0","0","0","0","0","0","1","20260601","99999999","830900100","99990756","","","","","",""
"3","C","8","30","900101","41","使用する医学的必要性（消化器内視鏡用止血材（３）アミノ酸由来非吸収性局所止血材）；","17","ｼﾖｳｽﾙｲｶﾞｸﾃｷﾋﾂﾖｳｾｲ","0","0","0","0","0","0","0","0","0","0","1","20260601","99999999","830900101","99990757","","","","","",""
"3","C","8","30","900102","49","３ｇを超える量を使用する医学的必要性（消化器内視鏡用止血材（３）アミノ酸由来非吸収性局所止血材）；","20","3gｦｺｴﾙﾘｮｳｦｼﾖｳｽﾙｲｶﾞｸﾃ","0","0","0","0","0","0","0","0","0","0","1","20260601","99999999","830900102","99990758","","","","","",""
"3","C","8","30","900103","33","０．３ｇを超える量を使用する医学的必要性（脳神経減圧術用補綴材）；","20","0.3gｦｺｴﾙﾘｮｳｦｼﾖｳｽﾙｲｶﾞ","0","0","0","0","0","0","0","0","0","0","1","20260601","99999999","830900103","99990759","","","","","",""
"3","C","8","30","900104","32","他の外科手術が困難な理由及び前立腺体積（前立腺用インプラント）；","20","ﾀﾉｹﾞｶｼｭｼﾞｭﾂｶﾞｺﾝﾅﾝﾅﾘﾕ","0","0","0","0","0","0","0","0","0","0","1","20260601","99999999","830900104","99990760","","","","","",""
"3","C","8","30","900105","27","５個以上使用する医学的必要性（前立腺用インプラント）；","20","5ｺｲｼﾞｮｳｼﾖｳｽﾙｲｶﾞｸﾃｷﾋﾂ","0","0","0","0","0","0","0","0","0","0","1","20260601","99999999","830900105","99990761","","","","","",""
"3","C","8","30","900106","34","使用する必要がある理由及び既存療法の結果（ヒト羊膜使用創傷被覆材）；","20","ｼﾖｳｽﾙﾋﾂﾖｳｶﾞｱﾙﾘﾕｳｵﾖﾋﾞ","0","0","0","0","0","0","0","0","0","0","1","20260601","99999999","830900106","99990762","","","","","",""
"3","C","8","30","900107","41","使用する医療上の必要性及び受傷面積等を含めた症状詳記（自家皮膚細胞移植用キット）；","20","ｼﾖｳｽﾙｲﾘｮｳｼﾞｮｳﾉﾋﾂﾖｳｾｲ","0","0","0","0","0","0","0","0","0","0","1","20260601","99999999","830900107","99990763","","","","","",""
"3","C","8","30","900108","32","２個以上使用する医学的必要性（経消化管胆道ドレナージステント）；","20","2ｺｲｼﾞｮｳｼﾖｳｽﾙｲｶﾞｸﾃｷﾋﾂ","0","0","0","0","0","0","0","0","0","0","1","20260601","99999999","830900108","99990764","","","","","",""
"3","C","8","30","900109","28","使用する医学的な根拠（前立腺組織用高圧水噴射システム）；","16","ｼﾖｳｽﾙｲｶﾞｸﾃｷﾅｺﾝｷｮ","0","0","0","0","0","0","0","0","0","0","1","20260601","99999999","830900109","99990765","","","","","",""
"3","C","8","30","900110","24","５個以上使用する医学的な根拠（気管支用バルブ）；","20","5ｺｲｼﾞｮｳｼﾖｳｽﾙｲｶﾞｸﾃｷﾅｺ","0","0","0","0","0","0","0","0","0","0","1","20260601","99999999","830900110","99990766","","","","","",""
"3","C","8","30","900111","41","肺切除術又は胸腔鏡下肺切除術が適応とならない又は実施困難な理由（気管支用バルブ）；","20","ﾊｲｾﾂｼﾞｮｼﾞｭﾂﾏﾀﾊｷｮｳｸｳｷ","0","0","0","0","0","0","0","0","0","0","1","20260601","99999999","830900111","99990767","","","","","",""
"3","C","8","30","900112","47","使用する前の患眼の最良矯正視力及び角膜内皮細胞密度（培養ヒト角膜内皮細胞・調製・移植キット）；","20","ｼﾖｳｽﾙﾏｴﾉｶﾝｶﾞﾝﾉｻｲﾘｮｳｷ","0","0","0","0","0","0","0","0","0","0","1","20260601","99999999","830900112","99990768","","","","","",""
"3","C","8","30","900113","32","弁置換術が適応とならない医学的な理由（弁周囲欠損孔閉鎖セット）；","20","ﾍﾞﾝﾁｶﾝｼﾞｭﾂｶﾞﾃｷｵｳﾄﾅﾗﾅ","0","0","0","0","0","0","0","0","0","0","1","20260601","99999999","830900113","99990769","","","","","",""
"3","C","8","30","900114","29","使用する医学的必要性（薬剤溶出型吸収性副鼻腔用ステント）；","17","ｼﾖｳｽﾙｲｶﾞｸﾃｷﾋﾂﾖｳｾｲ","0","0","0","0","0","0","0","0","0","0","1","20260601","99999999","830900114","99990770","","","","","",""
"3","C","8","30","900115","33","３個以上使用する医学的必要性（薬剤溶出型吸収性副鼻腔用ステント）；","20","3ｺｲｼﾞｮｳｼﾖｳｽﾙｲｶﾞｸｳﾃｷﾋ","0","0","0","0","0","0","0","0","0","0","1","20260601","99999999","830900115","99990771","","","","","",""
"3","C","8","30","900116","23","使用する医学的必要性（上腕静脈用カテーテル）；","17","ｼﾖｳｽﾙｲｶﾞｸﾃｷﾋﾂﾖｳｾｲ","0","0","0","0","0","0","0","0","0","0","1","20260601","99999999","830900116","99990772","","","","","",""
"3","C","8","30","900117","36","使用する医療上の必要性及び軟骨欠損面積等を含めた症状詳記（軟骨修復材）；","20","ｼﾖｳｽﾙｲﾘｮｳｼﾞｮｳﾉﾋﾂﾖｳｾｲ","0","0","0","0","0","0","0","0","0","0","1","20260601","99999999","830900117","99990773","","","","","",""
"3","C","8","30","900118","32","使用する医学的必要性（冷凍アブレーション用バルーンカテーテル）；","17","ｼﾖｳｽﾙｲｶﾞｸﾃｷﾋﾂﾖｳｾｲ","0","0","0","0","0","0","0","0","0","0","1","20260601","99999999","830900118","99990774","","","","","",""
"3","C","8","30","900119","29","３個以上使用する医学的必要性（腎神経焼灼術用カテーテル）；","20","3ｺｲｼﾞｮｳｼﾖｳｽﾙｲｶﾞｸﾃｷﾋﾂ","0","0","0","0","0","0","0","0","0","0","1","20260601","99999999","830900119","99990775","","","","","",""
"3","C","8","30","900120","31","３個以上使用する医学的必要性（経皮的三尖弁クリップシステム）；","20","3ｺｲｼﾞｮｳｼﾖｳｽﾙｲｶﾞｸﾃｷﾋﾂ","0","0","0","0","0","0","0","0","0","0","1","20260601","99999999","830900120","99990776","","","","","",""
"3","C","8","30","900121","43","用いた治療が最適であると判断した評価内容及び症状詳記（経皮的三尖弁クリップシステム）；","20","ﾓﾁｲﾀﾁﾘｮｳｶﾞｻｲﾃｷﾃﾞｱﾙﾄﾊ","0","0","0","0","0","0","0","0","0","0","1","20260601","99999999","830900121","99990777","","","","","",""
"3","C","8","30","900122","35","１症状詳記（中心静脈用カテーテル（１）　中心静脈カテーテル・抗菌型）；","12","1ｼｮｳｼﾞｮｳｼｮｳｷ","0","0","0","0","0","0","0","0","0","0","1","20260601","99999999","830900122","99990778","","","","","",""
"3","C","8","30","900123","42","３対象患者のアレルギー歴（中心静脈用カテーテル（１）　中心静脈カテーテル・抗菌型）；","20","3ﾀｲｼｮｳｶﾝｼﾞｬﾉｱﾚﾙｷﾞｰﾚｷ","0","0","0","0","0","0","0","0","0","0","1","20260601","99999999","830900123","99990779","","","","","",""
"3","C","8","30","900125","26","１０ｍＬを超える量を使用する理由（口腔粘膜保護材）；","20","10mLｦｺｴﾙﾘｮｳｦｼﾖｳｽﾙﾘﾕｳ","0","0","0","0","0","0","0","0","0","0","1","20260601","99999999","830900125","99990781","","","","","",""
"3","C","8","30","900126","27","８本を超えて算定する理由（半導体レーザー用プローブ）；","16","8ﾎﾝｦｺｴﾃｻﾝﾃｲｽﾙﾘﾕｳ","0","0","0","0","0","0","0","0","0","0","1","20260601","99999999","830900126","99990782","","","","","",""
"3","C","8","30","900131","51","同一箇所に対して２回以上移植した医学的理由（ヒト自家移植組織（１）　自家培養表皮・調整・移植キット）；","20","ﾄﾞｳｲﾂｶｼｮﾆﾀｲｼﾃ2ｶｲｲｼﾞｮ","0","0","0","0","0","0","0","0","0","0","1","20260601","99999999","830900131","99990715","","","","","",""
"3","C","8","30","900132","34","移植箇所（ヒト自家移植組織（１）　自家培養表皮・調整・移植キット）；","7","ｲｼｮｸｶｼｮ","0","0","0","0","0","0","0","0","0","0","1","20260601","99999999","830900132","99990716","","","","","",""
"3","C","8","30","900133","32","４　使用する医療上の必要性（経皮的血管形成術用穿刺部止血材料）；","20","4ｼﾖｳｽﾙｲﾖｳｼﾞｮｳﾉﾋﾂﾖｳｾｲ","0","0","0","0","0","0","0","0","0","0","1","20260601","99999999","830900133","99990676","","","","","",""
"1","C","8","42","100119","25","内容の要点（調剤時残薬調整加算）：確認した残薬日数","9","ﾅｲﾖｳﾉﾖｳﾃﾝ","0","0","0","0","0","0","0","0","0","0","1","20260601","99999999","842100119","99900255","","","","","",""
"1","C","8","42","100120","25","内容の要点（調剤時残薬調整加算）：調整した残薬日数","9","ﾅｲﾖｳﾉﾖｳﾃﾝ","0","0","0","0","0","0","0","0","0","0","1","20260601","99999999","842100120","99900256","","","","","",""
"1","C","8","42","600050","29","認知機能評価ＭＭＳＥスコア（ケサンラ点滴静注液３５０ｍｇ）","17","ﾆﾝﾁｷﾉｳﾋｮｳｶMMSEｽｺｱ","0","0","0","0","0","0","0","0","0","0","1","20260601","99999999","842600050","99900495","","","","","",""
"1","C","8","42","600051","31","臨床認知症尺度ＣＤＲ全般スコア（ケサンラ点滴静注液３５０ｍｇ）","20","ﾘﾝｼｮｳﾆﾝﾁｼｮｳｼｬｸﾄﾞCDRｾ","0","0","0","0","0","0","0","0","0","0","1","20260601","99999999","842600051","99900496","","","","","",""
"3","C","8","42","600075","21","ＩＧＡスコア（サイバインコ錠５０ｍｇ等）；","6","IGAｽｺｱ","0","0","0","0","0","0","0","0","0","0","1","20260601","99999999","842600075","51841000","","","","","",""
"3","C","8","42","600076","25","全身のＥＡＳＩスコア（サイバインコ錠５０ｍｇ等）；","13","ｾﾞﾝｼﾝﾉEASIｽｺｱ","0","0","0","0","0","0","0","0","0","0","1","20260601","99999999","842600076","51851000","","","","","",""
"3","C","8","42","600077","26","頭頸部のＥＡＳＩスコア（サイバインコ錠５０ｍｇ等）；","14","ﾄｳｹｲﾌﾞﾉEASIｽｺｱ","0","0","0","0","0","0","0","0","0","0","1","20260601","99999999","842600077","51861000","","","","","",""
"3","C","8","42","600078","19","ＩＧＡスコア（デュピクセント皮下注）；","6","IGAｽｺｱ","0","0","0","0","0","0","0","0","0","0","1","20260601","99999999","842600078","52975100","","","","","",""
"3","C","8","42","600079","23","全身のＥＡＳＩスコア（デュピクセント皮下注）；","13","ｾﾞﾝｼﾝﾉEASIｽｺｱ","0","0","0","0","0","0","0","0","0","0","1","20260601","99999999","842600079","52985100","","","","","",""
"3","C","8","42","600080","24","頭頸部のＥＡＳＩスコア（デュピクセント皮下注）；","14","ﾄｳｹｲﾌﾞﾉEASIｽｺｱ","0","0","0","0","0","0","0","0","0","0","1","20260601","99999999","842600080","52995100","","","","","",""
"3","C","8","42","600081","22","ＩＧＡスコア（リンヴォック錠７．５ｍｇ等）；","6","IGAｽｺｱ","0","0","0","0","0","0","0","0","0","0","1","20260601","99999999","842600081","54221000","","","","","",""
"3","C","8","42","600082","26","全身のＥＡＳＩスコア（リンヴォック錠７．５ｍｇ等）；","13","ｾﾞﾝｼﾝﾉEASIｽｺｱ","0","0","0","0","0","0","0","0","0","0","1","20260601","99999999","842600082","54231000","","","","","",""
"3","C","8","42","600083","27","頭頸部のＥＡＳＩスコア（リンヴォック錠７．５ｍｇ等）；","14","ﾄｳｹｲﾌﾞﾉEASIｽｺｱ","0","0","0","0","0","0","0","0","0","0","1","20260601","99999999","842600083","54241000","","","","","",""
"3","C","8","42","600085","40","ＰＤ－Ｌ１陽性を確認した検査の検査結果（発現率）（リブタヨ点滴静注３５０ｍｇ）；","20","PD-L1ﾖｳｾｲｦｶｸﾆﾝｼﾀｹﾝｻﾉ","0","0","0","0","0","0","0","0","0","0","1","20260601","99999999","842600085","99900485","","","","","",""
"1","C","8","42","800001","46","ｄ　回数（ヒト自家移植組織　（１）　自家培養表皮（先天性巨大色素性母斑に対し使用する場合））","20","dｶｲｽｳﾋﾄｼﾞｶｲｼｮｸｿｼｷ1ｼﾞ","0","0","0","0","0","0","0","0","0","0","1","20260601","99999999","842800001","99900787","","","","","",""
"1","C","8","42","800002","62","ｃ　治療間隔（日数）（ヒト自家移植組織　（１）　自家培養表皮（非外科的治療が無効又は適応とならない白斑に対し使用する場合））","15","cﾁﾘｮｳｶﾝｶｸ(ﾆｯｽｳ)","0","0","0","0","0","0","0","0","0","0","1","20260601","99999999","842800002","99900789","","","","","",""
"1","C","8","42","800003","58","ｄ　治療回数（ヒト自家移植組織　（１）　自家培養表皮（非外科的治療が無効又は適応とならない白斑に対し使用する場合））","9","dﾁﾘｮｳｶｲｽｳ","0","0","0","0","0","0","0","0","0","0","1","20260601","99999999","842800003","99900790","","","","","",""
"1","C","8","42","800004","78","ｅ　一連の治療において使用することを計画している枚数（ヒト自家移植組織　（１）　自家培養表皮（非外科的治療が無効又は適応とならない白斑に対し使用する場合））","20","eｲﾁﾚﾝﾉﾁﾘｮｳﾆｵｲﾃｼﾖｳｽﾙｺ","0","0","0","0","0","0","0","0","0","0","1","20260601","99999999","842800004","99900791","","","","","",""
"1","C","8","42","800005","33","移植回数（ヒト自家移植組織（１）　自家培養表皮・調整・移植キット）","20","ｲｼｮｸｶｲｽｳﾋﾄｼﾞｶｲｼｮｸｿｼｷ","0","0","0","0","0","0","0","0","0","0","1","20260601","99999999","842800005","99900788","","","","","",""
"3","C","8","42","900001","46","ｄ　回数（ヒト自家移植組織　（１）　自家培養表皮（先天性巨大色素性母斑に対し使用する場合））","20","dｶｲｽｳﾋﾄｼﾞｶｲｼｮｸｿｼｷ1ｼﾞ","0","0","0","0","0","0","0","0","0","0","1","20260601","99999999","842900001","99990787","","","","","",""
"3","C","8","42","900002","62","ｃ　治療間隔（日数）（ヒト自家移植組織　（１）　自家培養表皮（非外科的治療が無効又は適応とならない白斑に対し使用する場合））","15","cﾁﾘｮｳｶﾝｶｸ(ﾆｯｽｳ)","0","0","0","0","0","0","0","0","0","0","1","20260601","99999999","842900002","99990789","","","","","",""
"3","C","8","42","900003","58","ｄ　治療回数（ヒト自家移植組織　（１）　自家培養表皮（非外科的治療が無効又は適応とならない白斑に対し使用する場合））","9","dﾁﾘｮｳｶｲｽｳ","0","0","0","0","0","0","0","0","0","0","1","20260601","99999999","842900003","99990790","","","","","",""
"3","C","8","42","900004","78","ｅ　一連の治療において使用することを計画している枚数（ヒト自家移植組織　（１）　自家培養表皮（非外科的治療が無効又は適応とならない白斑に対し使用する場合））","20","eｲﾁﾚﾝﾉﾁﾘｮｳﾆｵｲﾃｼﾖｳｽﾙｺ","0","0","0","0","0","0","0","0","0","0","1","20260601","99999999","842900004","99990791","","","","","",""
"3","C","8","42","900005","33","移植回数（ヒト自家移植組織（１）　自家培養表皮・調整・移植キット）","20","ｲｼｮｸｶｲｽｳﾋﾄｼﾞｶｲｼｮｸｿｼｷ","0","0","0","0","0","0","0","0","0","0","1","20260601","99999999","842900005","99990788","","","","","",""
"3","C","8","42","900006","96","４　（２のイに該当する患者に対して使用する場合）ＣＬＡＢＳＩ発生率及び参考とした地域や全国のサーベイランスにおけるＣＬＡＢＳＩ発生率（中心静脈用カテーテル（１）　中心静脈カテーテル・抗菌型）；","20","42ｲﾆｶﾞｲﾄｳｽﾙｶﾝｼﾞｬﾆﾀｲｼ","0","0","0","0","0","0","0","0","0","0","1","20260601","99999999","842900006","99990780","","","","","",""
"3","C","8","42","900007","24","ｄ　回数（ヒト自家移植組織（１）自家培養表皮）；","5","dｶｲｽｳ","0","0","0","0","0","0","0","0","0","0","1","20260601","99999999","842900007","99990719","","","","","",""
"5","C","8","50","100215","18","発症年月日（初期加算）（呼吸器リハ）","","","","","","","","","","","","","","20200401","","","","","","","","",""
"5","C","8","50","100216","18","手術年月日（初期加算）（呼吸器リハ）","","","","","","","","","","","","","","20200401","","","","","","","","",""
"5","C","8","50","100217","20","急性増悪年月日（初期加算）（呼吸器リハ）","","","","","","","","","","","","","","20200401","","","","","","","","",""
"1","C","8","50","100378","22","訪問指導年月日（在宅患者訪問薬剤管理指導料）","15","ﾎｳﾓﾝｼﾄﾞｳﾈﾝｶﾞｯﾋﾟ","0","0","0","0","0","0","0","0","0","0","1","20200401","99999999","850100378","17240000","","","","","",""
"5","C","8","50","100487","26","加算の算定を開始した入院年月日（急性期総合体制加算）","","","","","","","","","","","","","","20240601","","","","","","","","",""
"1","C","8","50","100509","40","医学的な必要性（がんゲノムプロファイリング検査（造血器腫瘍を対象とする場合））；","13","ｲｶﾞｸﾃｷﾅﾋﾂﾖｳｾｲ","0","0","0","0","0","0","0","0","0","0","1","20260601","99999999","850100509","99900096","","","","","",""
"3","C","8","50","100537","37","算定の根拠となった要件ウの年月日（急性期リハビリテーション加算）（脳リハ）","20","ｻﾝﾃｲﾉｺﾝｷｮﾄﾅｯﾀﾖｳｹﾝｳﾉﾈ","0","0","0","0","0","0","0","0","0","0","1","20260601","99999999","850100537","99990124","","","","","",""
"5","C","8","50","100601","21","相談年月日（薬学的有害事象等防止加算のイ）","12","ｿｳﾀﾞﾝﾈﾝｶﾞｯﾋﾟ","","","","","","","","","","","","20260601","","","","","","","","",""
"1","C","8","50","100603","25","前回算定年月（かかりつけ薬剤師フォローアップ加算）","14","ｾﾞﾝｶｲｻﾝﾃｲﾈﾝｹﾞﾂ","0","0","0","0","0","0","0","0","0","0","1","20260601","99999999","850100603","99900869","","","","","",""
"5","C","8","50","100604","21","訪問指導年月日（かかりつけ薬剤師訪問加算）","15","ﾎｳﾓﾝｼﾄﾞｳﾈﾝｶﾞｯﾋﾟ","","","","","","","","","","","","20260601","","","","","","","","",""
"1","C","8","50","100605","20","前回算定年月（かかりつけ薬剤師訪問加算）","14","ｾﾞﾝｶｲｻﾝﾃｲﾈﾝｹﾞﾂ","0","0","0","0","0","0","0","0","0","0","1","20260601","99999999","850100605","99900871","","","","","",""
"1","C","8","50","100606","18","前回算定年月（服用薬剤調整支援料２）","14","ｾﾞﾝｶｲｻﾝﾃｲﾈﾝｹﾞﾂ","0","0","0","0","0","0","0","0","0","0","1","20260601","99999999","850100606","99900872","","","","","",""
"1","C","8","50","100607","17","前回算定年月（服薬情報等提供料３）","14","ｾﾞﾝｶｲｻﾝﾃｲﾈﾝｹﾞﾂ","0","0","0","0","0","0","0","0","0","0","1","20260601","99999999","850100607","99900873","","","","","",""
"1","C","8","50","100609","21","前回算定年月（訪問薬剤管理医師同時指導料）","14","ｾﾞﾝｶｲｻﾝﾃｲﾈﾝｹﾞﾂ","0","0","0","0","0","0","0","0","0","0","1","20260601","99999999","850100609","99900875","","","","","",""
"1","C","8","50","100611","15","前回算定年月（調剤物価対応料）","14","ｾﾞﾝｶｲｻﾝﾃｲﾈﾝｹﾞﾂ","0","0","0","0","0","0","0","0","0","0","1","20260601","99999999","850100611","99900877","","","","","",""
"1","C","8","50","100637","37","算定の根拠となった要件ウの年月日（急性期リハビリテーション加算）（脳リハ）","20","ｻﾝﾃｲﾉｺﾝｷｮﾄﾅｯﾀﾖｳｹﾝｳﾉﾈ","0","0","0","0","0","0","0","0","0","0","1","20260601","99999999","850100637","99900124","","","","","",""
"1","C","8","50","600246","35","認知機能評価ＭＭＳＥスコアの実施年月日（ケサンラ点滴静注液３５０ｍｇ）","19","ﾆﾝﾁｷﾉｳﾋｮｳｶMMSEｽｺｱﾉｼ","0","0","0","0","0","0","0","0","0","0","1","20260601","99999999","850600246","99900539","","","","","",""
"1","C","8","50","600247","37","臨床認知症尺度ＣＤＲ全般スコアの実施年月日（ケサンラ点滴静注液３５０ｍｇ）","20","ﾘﾝｼｮｳﾆﾝﾁｼｮｳｼｬｸﾄﾞCDRｾ","0","0","0","0","0","0","0","0","0","0","1","20260601","99999999","850600247","99900540","","","","","",""
"1","C","8","50","600305","42","ＢＲＡＦ遺伝子変異を確認した検査の実施年月日（初回投与）（メキニスト錠０．５ｍｇ等）","20","BRAFｲﾃﾞﾝｼﾍﾝｲｦｶｸﾆﾝｼﾀｹ","0","0","0","0","0","0","0","0","0","0","1","20260601","99999999","850600305","99900598","","","","","",""
"1","C","8","50","800001","53","使用開始年月日（在宅血液透析用特定保険医療材料（（２）吸着型血液浄化器（β２－ミクログロブリン除去用）））","13","ｼﾖｳｶｲｼﾈﾝｶﾞｯﾋﾟ","0","0","0","0","0","0","0","0","0","0","1","20260601","99999999","850800001","99900792","","","","","",""
"1","C","8","50","800002","20","処置開始年月日（局所陰圧閉鎖処置用材料）","13","ｼｮﾁｶｲｼﾈﾝｶﾞｯﾋﾟ","0","0","0","0","0","0","0","0","0","0","1","20260601","99999999","850800002","99900793","","","","","",""
"1","C","8","50","800003","49","使用開始年月日（人工腎臓用特定保険医療材料（３）吸着型血液浄化器（β２－ミクログロブリン除去用））","13","ｼﾖｳｶｲｼﾈﾝｶﾞｯﾋﾟ","0","0","0","0","0","0","0","0","0","0","1","20260601","99999999","850800003","99900794","","","","","",""
"1","C","8","50","800004","50","ａ　治療開始年月（ヒト自家移植組織　（１）　自家培養表皮（先天性巨大色素性母斑に対し使用する場合））","15","aﾁﾘｮｳｶｲｼﾈﾝｶﾞｯﾋﾟ","0","0","0","0","0","0","0","0","0","0","1","20260601","99999999","850800004","99900795","","","","","",""
"1","C","8","50","800005","52","ｂ　治療終了予定年月（ヒト自家移植組織　（１）　自家培養表皮（先天性巨大色素性母斑に対し使用する場合））","20","bﾁﾘｮｳｼｭｳﾘｮｳﾖﾃｲﾈﾝｶﾞｯﾋ","0","0","0","0","0","0","0","0","0","0","1","20260601","99999999","850800005","99900796","","","","","",""
"1","C","8","50","800006","27","ａ　治療開始年月（ヒト自家移植組織（１）自家培養表皮）","15","aﾁﾘｮｳｶｲｼﾈﾝｶﾞｯﾋﾟ","0","0","0","0","0","0","0","0","0","0","1","20260601","99999999","850800006","99900797","","","","","",""
"1","C","8","50","800007","29","ｂ　治療終了予定年月（ヒト自家移植組織（１）自家培養表皮）","20","bﾁﾘｮｳｼｭｳﾘｮｳﾖﾃｲﾈﾝｶﾞｯﾋ","0","0","0","0","0","0","0","0","0","0","1","20260601","99999999","850800007","99900798","","","","","",""
"1","C","8","50","800008","60","ａ　治療開始年月（ヒト自家移植組織　（１）　自家培養表皮（非外科的治療が無効又は適応とならない白斑に対し使用する場合））","15","aﾁﾘｮｳｶｲｼﾈﾝｶﾞｯﾋﾟ","0","0","0","0","0","0","0","0","0","0","1","20260601","99999999","850800008","99900799","","","","","",""
"1","C","8","50","800009","62","ｂ　治療終了予定年月（ヒト自家移植組織　（１）　自家培養表皮（非外科的治療が無効又は適応とならない白斑に対し使用する場合））","20","bﾁﾘｮｳｼｭｳﾘｮｳﾖﾃｲﾈﾝｶﾞｯﾋ","0","0","0","0","0","0","0","0","0","0","1","20260601","99999999","850800009","99900800","","","","","",""
"1","C","8","50","800010","18","処置開始日（局所陰圧閉鎖処置用材料）","8","ｼｮﾁｶｲｼﾋﾞ","0","0","0","0","0","0","0","0","0","0","1","20260601","99999999","850800010","99900801","","","","","",""
"1","C","8","50","800011","24","処置開始年月日（腹部開放創用局所陰圧閉鎖キット）","13","ｼｮﾁｶｲｼﾈﾝｶﾞｯﾋﾟ","0","0","0","0","0","0","0","0","0","0","1","20260601","99999999","850800011","99900802","","","","","",""
"1","C","8","50","800012","23","筋電図検査の実施年月日（横隔神経電気刺激装置）","20","ｷﾝﾃﾞﾝｽﾞｹﾝｻﾉｼﾞｯｼﾈﾝｶﾞｯ","0","0","0","0","0","0","0","0","0","0","1","20260601","99999999","850800012","99900803","","","","","",""
"1","C","8","50","800013","28","（初回導入時のみ記載）実施年月日（横隔神経電気刺激装置）","20","ｼｮｶｲﾄﾞｳﾆｭｳｼﾞﾉﾐｷｻｲｼﾞｯ","0","0","0","0","0","0","0","0","0","0","1","20260601","99999999","850800013","99900804","","","","","",""
"3","C","8","50","900001","53","使用開始年月日（在宅血液透析用特定保険医療材料（（２）吸着型血液浄化器（β２－ミクログロブリン除去用）））","13","ｼﾖｳｶｲｼﾈﾝｶﾞｯﾋﾟ","0","0","0","0","0","0","0","0","0","0","1","20260601","99999999","850900001","99990792","","","","","",""
"3","C","8","50","900002","20","処置開始年月日（局所陰圧閉鎖処置用材料）","13","ｼｮﾁｶｲｼﾈﾝｶﾞｯﾋﾟ","0","0","0","0","0","0","0","0","0","0","1","20260601","99999999","850900002","99990793","","","","","",""
"3","C","8","50","900003","49","使用開始年月日（人工腎臓用特定保険医療材料（３）吸着型血液浄化器（β２－ミクログロブリン除去用））","13","ｼﾖｳｶｲｼﾈﾝｶﾞｯﾋﾟ","0","0","0","0","0","0","0","0","0","0","1","20260601","99999999","850900003","99990794","","","","","",""
"3","C","8","50","900004","50","ａ　治療開始年月（ヒト自家移植組織　（１）　自家培養表皮（先天性巨大色素性母斑に対し使用する場合））","15","aﾁﾘｮｳｶｲｼﾈﾝｶﾞｯﾋﾟ","0","0","0","0","0","0","0","0","0","0","1","20260601","99999999","850900004","99990795","","","","","",""
"3","C","8","50","900005","52","ｂ　治療終了予定年月（ヒト自家移植組織　（１）　自家培養表皮（先天性巨大色素性母斑に対し使用する場合））","20","bﾁﾘｮｳｼｭｳﾘｮｳﾖﾃｲﾈﾝｶﾞｯﾋ","0","0","0","0","0","0","0","0","0","0","1","20260601","99999999","850900005","99990796","","","","","",""
"3","C","8","50","900006","27","ａ　治療開始年月（ヒト自家移植組織（１）自家培養表皮）","15","aﾁﾘｮｳｶｲｼﾈﾝｶﾞｯﾋﾟ","0","0","0","0","0","0","0","0","0","0","1","20260601","99999999","850900006","99990797","","","","","",""
"3","C","8","50","900007","29","ｂ　治療終了予定年月（ヒト自家移植組織（１）自家培養表皮）","20","bﾁﾘｮｳｼｭｳﾘｮｳﾖﾃｲﾈﾝｶﾞｯﾋ","0","0","0","0","0","0","0","0","0","0","1","20260601","99999999","850900007","99990798","","","","","",""
"3","C","8","50","900008","60","ａ　治療開始年月（ヒト自家移植組織　（１）　自家培養表皮（非外科的治療が無効又は適応とならない白斑に対し使用する場合））","15","aﾁﾘｮｳｶｲｼﾈﾝｶﾞｯﾋﾟ","0","0","0","0","0","0","0","0","0","0","1","20260601","99999999","850900008","99990799","","","","","",""
"3","C","8","50","900009","62","ｂ　治療終了予定年月（ヒト自家移植組織　（１）　自家培養表皮（非外科的治療が無効又は適応とならない白斑に対し使用する場合））","20","bﾁﾘｮｳｼｭｳﾘｮｳﾖﾃｲﾈﾝｶﾞｯﾋ","0","0","0","0","0","0","0","0","0","0","1","20260601","99999999","850900009","99990800","","","","","",""
"3","C","8","50","900010","18","処置開始日（局所陰圧閉鎖処置用材料）","8","ｼｮﾁｶｲｼﾋﾞ","0","0","0","0","0","0","0","0","0","0","1","20260601","99999999","850900010","99990801","","","","","",""
"3","C","8","50","900011","24","処置開始年月日（腹部開放創用局所陰圧閉鎖キット）","13","ｼｮﾁｶｲｼﾈﾝｶﾞｯﾋﾟ","0","0","0","0","0","0","0","0","0","0","1","20260601","99999999","850900011","99990802","","","","","",""
"3","C","8","50","900012","23","筋電図検査の実施年月日（横隔神経電気刺激装置）","20","ｷﾝﾃﾞﾝｽﾞｹﾝｻﾉｼﾞｯｼﾈﾝｶﾞｯ","0","0","0","0","0","0","0","0","0","0","1","20260601","99999999","850900012","99990803","","","","","",""
"3","C","8","50","900013","28","（初回導入時のみ記載）実施年月日（横隔神経電気刺激装置）","20","ｼｮｶｲﾄﾞｳﾆｭｳｼﾞﾉﾐｷｻｲｼﾞｯ","0","0","0","0","0","0","0","0","0","0","1","20260601","99999999","850900013","99990804","","","","","",""
